timestamp,x,y,z,rssi_a,rssi_b,rssi_c,rssi_d
2026-06-06T18:30:33,0,0,0,-37,-59,-59,-57
2026-06-06T18:30:35,0,0,0,-37,-59,-59,-57
2026-06-06T18:30:36,0,0,0,-37,-59,-59,-57
2026-06-06T18:30:38,0,0,0,-37,-62,-59,-57
2026-06-06T18:30:39,0,0,0,-37,-62,-59,-57
2026-06-06T18:30:41,0,0,0,-37,-62,-59,-57
2026-06-06T18:30:42,0,0,0,-38,-61,-59,-57
2026-06-06T18:30:44,0,0,0,-38,-61,-59,-57
2026-06-06T18:30:45,0,0,0,-38,-61,-59,-57
2026-06-06T18:30:47,0,0,0,-38,-61,-59,-57
2026-06-06T18:30:53,0.5385,0,0,-38,-62,-59,-57
2026-06-06T18:30:55,0.5385,0,0,-38,-62,-59,-57
2026-06-06T18:30:56,0.5385,0,0,-40,-62,-59,-56
2026-06-06T18:30:58,0.5385,0,0,-40,-62,-59,-56
2026-06-06T18:30:59,0.5385,0,0,-40,-62,-56,-56
2026-06-06T18:31:01,0.5385,0,0,-40,-62,-56,-56
2026-06-06T18:31:02,0.5385,0,0,-40,-62,-56,-56
2026-06-06T18:31:04,0.5385,0,0,-40,-60,-47,-56
2026-06-06T18:31:05,0.5385,0,0,-40,-60,-47,-56
2026-06-06T18:31:07,0.5385,0,0,-40,-60,-47,-56
2026-06-06T18:31:15,1.0769,0,0,-55,-60,-47,-55
2026-06-06T18:31:16,1.0769,0,0,-55,-60,-47,-55
2026-06-06T18:31:18,1.0769,0,0,-55,-60,-47,-55
2026-06-06T18:31:19,1.0769,0,0,-55,-57,-47,-47
2026-06-06T18:31:21,1.0769,0,0,-55,-57,-47,-47
2026-06-06T18:31:22,1.0769,0,0,-55,-51,-51,-47
2026-06-06T18:31:24,1.0769,0,0,-55,-51,-51,-47
2026-06-06T18:31:25,1.0769,0,0,-56,-53,-49,-49
2026-06-06T18:31:27,1.0769,0,0,-56,-53,-49,-49
2026-06-06T18:31:28,1.0769,0,0,-56,-53,-49,-49
2026-06-06T18:31:38,1.6154,0,0,-49,-56,-49,-61
2026-06-06T18:31:39,1.6154,0,0,-49,-56,-49,-61
2026-06-06T18:31:41,1.6154,0,0,-49,-56,-49,-61
2026-06-06T18:31:42,1.6154,0,0,-49,-61,-49,-61
2026-06-06T18:31:44,1.6154,0,0,-49,-61,-49,-61
2026-06-06T18:31:45,1.6154,0,0,-47,-61,-49,-74
2026-06-06T18:31:47,1.6154,0,0,-47,-61,-49,-74
2026-06-06T18:31:48,1.6154,0,0,-47,-61,-49,-74
2026-06-06T18:31:50,1.6154,0,0,-47,-61,-49,-74
2026-06-06T18:31:51,1.6154,0,0,-47,-61,-49,-74
2026-06-06T18:32:02,2.1538,0,0,-54,-61,-58,-45
2026-06-06T18:32:03,2.1538,0,0,-54,-61,-58,-45
2026-06-06T18:32:05,2.1538,0,0,-54,-61,-51,-45
2026-06-06T18:32:06,2.1538,0,0,-54,-61,-51,-45
2026-06-06T18:32:08,2.1538,0,0,-54,-59,-51,-56
2026-06-06T18:32:09,2.1538,0,0,-54,-59,-51,-56
2026-06-06T18:32:11,2.1538,0,0,-54,-59,-51,-56
2026-06-06T18:32:13,2.1538,0,0,-54,-59,-51,-56
2026-06-06T18:32:14,2.1538,0,0,-54,-59,-51,-56
2026-06-06T18:32:16,2.1538,0,0,-54,-59,-51,-56
2026-06-06T18:32:25,2.6923,0,0,-54,-53,-60,-56
2026-06-06T18:32:27,2.6923,0,0,-54,-50,-60,-59
2026-06-06T18:32:28,2.6923,0,0,-54,-50,-60,-59
2026-06-06T18:32:30,2.6923,0,0,-50,-50,-59,-59
2026-06-06T18:32:31,2.6923,0,0,-50,-50,-59,-59
2026-06-06T18:32:33,2.6923,0,0,-50,-54,-56,-48
2026-06-06T18:32:34,2.6923,0,0,-50,-54,-56,-48
2026-06-06T18:32:36,2.6923,0,0,-72,-54,-50,-57
2026-06-06T18:32:37,2.6923,0,0,-72,-54,-50,-57
2026-06-06T18:32:39,2.6923,0,0,-72,-54,-50,-57
2026-06-06T18:32:55,3.2308,0,0,-72,-52,-52,-57
2026-06-06T18:32:57,3.2308,0,0,-66,-52,-56,-46
2026-06-06T18:32:59,3.2308,0,0,-52,-52,-50,-53
2026-06-06T18:33:00,3.2308,0,0,-52,-57,-50,-51
2026-06-06T18:33:02,3.2308,0,0,-52,-53,-59,-45
2026-06-06T18:33:03,3.2308,0,0,-52,-53,-47,-45
2026-06-06T18:33:05,3.2308,0,0,-52,-59,-52,-50
2026-06-06T18:33:06,3.2308,0,0,-52,-52,-48,-50
2026-06-06T18:33:08,3.2308,0,0,-52,-52,-56,-53
2026-06-06T18:33:10,3.2308,0,0,-52,-52,-56,-53
2026-06-06T18:33:16,3.7692,0,0,-62,-52,-57,-53
2026-06-06T18:33:17,3.7692,0,0,-52,-53,-65,-63
2026-06-06T18:33:19,3.7692,0,0,-52,-53,-65,-63
2026-06-06T18:33:20,3.7692,0,0,-57,-53,-52,-63
2026-06-06T18:33:22,3.7692,0,0,-57,-53,-52,-63
2026-06-06T18:33:23,3.7692,0,0,-57,-53,-50,-45
2026-06-06T18:33:25,3.7692,0,0,-57,-53,-50,-45
2026-06-06T18:33:26,3.7692,0,0,-57,-51,-60,-65
2026-06-06T18:33:28,3.7692,0,0,-57,-51,-60,-65
2026-06-06T18:33:30,3.7692,0,0,-57,-59,-50,-65
2026-06-06T18:33:39,4.3077,0,0,-66,-53,-53,-65
2026-06-06T18:33:41,4.3077,0,0,-66,-53,-53,-65
2026-06-06T18:33:42,4.3077,0,0,-61,-53,-50,-63
2026-06-06T18:33:44,4.3077,0,0,-61,-53,-50,-63
2026-06-06T18:33:45,4.3077,0,0,-61,-53,-53,-63
2026-06-06T18:33:47,4.3077,0,0,-57,-53,-52,-47
2026-06-06T18:33:48,4.3077,0,0,-59,-53,-55,-47
2026-06-06T18:33:50,4.3077,0,0,-59,-53,-55,-47
2026-06-06T18:33:51,4.3077,0,0,-57,-53,-48,-44
2026-06-06T18:33:53,4.3077,0,0,-57,-53,-48,-44
2026-06-06T18:33:59,4.8462,0,0,-59,-53,-54,-44
2026-06-06T18:34:00,4.8462,0,0,-59,-53,-54,-44
2026-06-06T18:34:02,4.8462,0,0,-59,-53,-54,-44
2026-06-06T18:34:04,4.8462,0,0,-59,-53,-54,-44
2026-06-06T18:34:05,4.8462,0,0,-59,-53,-60,-44
2026-06-06T18:34:07,4.8462,0,0,-57,-53,-68,-44
2026-06-06T18:34:08,4.8462,0,0,-57,-48,-51,-58
2026-06-06T18:34:10,4.8462,0,0,-57,-48,-51,-58
2026-06-06T18:34:11,4.8462,0,0,-57,-48,-45,-65
2026-06-06T18:34:13,4.8462,0,0,-57,-48,-45,-65
2026-06-06T18:34:18,5.3846,0,0,-57,-50,-49,-46
2026-06-06T18:34:19,5.3846,0,0,-57,-50,-49,-46
2026-06-06T18:34:21,5.3846,0,0,-62,-51,-55,-64
2026-06-06T18:34:23,5.3846,0,0,-62,-49,-60,-64
2026-06-06T18:34:24,5.3846,0,0,-62,-49,-60,-64
2026-06-06T18:34:26,5.3846,0,0,-62,-56,-53,-53
2026-06-06T18:34:27,5.3846,0,0,-75,-56,-64,-53
2026-06-06T18:34:29,5.3846,0,0,-75,-56,-61,-63
2026-06-06T18:34:30,5.3846,0,0,-75,-56,-54,-63
2026-06-06T18:34:32,5.3846,0,0,-68,-56,-64,-68
2026-06-06T18:34:53,7,0,0,-68,-56,-61,-68
2026-06-06T18:34:54,7,0,0,-68,-56,-61,-68
2026-06-06T18:34:56,7,0,0,-72,-56,-49,-55
2026-06-06T18:34:57,7,0,0,-72,-60,-61,-66
2026-06-06T18:34:59,7,0,0,-72,-60,-61,-66
2026-06-06T18:35:00,7,0,0,-56,-60,-61,-53
2026-06-06T18:35:02,7,0,0,-56,-60,-61,-53
2026-06-06T18:35:03,7,0,0,-56,-60,-61,-53
2026-06-06T18:35:05,7,0,0,-62,-40,-63,-58
2026-06-06T18:35:07,7,0,0,-62,-40,-63,-58
2026-06-06T18:35:17,7,0.5556,0,-62,-41,-48,-46
2026-06-06T18:35:19,7,0.5556,0,-62,-41,-48,-46
2026-06-06T18:35:20,7,0.5556,0,-57,-41,-49,-44
2026-06-06T18:35:22,7,0.5556,0,-57,-41,-49,-44
2026-06-06T18:35:23,7,0.5556,0,-57,-41,-49,-44
2026-06-06T18:35:25,7,0.5556,0,-57,-41,-49,-44
2026-06-06T18:35:26,7,0.5556,0,-57,-41,-49,-44
2026-06-06T18:35:28,7,0.5556,0,-57,-53,-59,-64
2026-06-06T18:35:29,7,0.5556,0,-57,-53,-59,-64
2026-06-06T18:35:31,7,0.5556,0,-57,-53,-59,-64
2026-06-06T18:35:40,6.4615,0.5556,0,-57,-48,-59,-56
2026-06-06T18:35:42,6.4615,0.5556,0,-57,-48,-59,-56
2026-06-06T18:35:43,6.4615,0.5556,0,-57,-48,-59,-59
2026-06-06T18:35:45,6.4615,0.5556,0,-57,-43,-59,-59
2026-06-06T18:35:46,6.4615,0.5556,0,-57,-43,-59,-59
2026-06-06T18:35:48,6.4615,0.5556,0,-57,-43,-59,-59
2026-06-06T18:35:49,6.4615,0.5556,0,-57,-49,-59,-59
2026-06-06T18:35:51,6.4615,0.5556,0,-60,-49,-59,-59
2026-06-06T18:35:53,6.4615,0.5556,0,-60,-49,-59,-59
2026-06-06T18:35:58,6.4615,0.5556,0,-59,-49,-59,-51
2026-06-06T18:36:05,5.9231,0.5556,0,-52,-49,-59,-51
2026-06-06T18:36:06,5.9231,0.5556,0,-50,-56,-59,-51
2026-06-06T18:36:08,5.9231,0.5556,0,-50,-56,-59,-51
2026-06-06T18:36:09,5.9231,0.5556,0,-50,-54,-59,-42
2026-06-06T18:36:11,5.9231,0.5556,0,-50,-54,-59,-42
2026-06-06T18:36:12,5.9231,0.5556,0,-53,-54,-59,-42
2026-06-06T18:36:14,5.9231,0.5556,0,-53,-54,-59,-42
2026-06-06T18:36:15,5.9231,0.5556,0,-60,-54,-59,-39
2026-06-06T18:36:17,5.9231,0.5556,0,-60,-54,-59,-39
2026-06-06T18:36:18,5.9231,0.5556,0,-60,-50,-59,-61
2026-06-06T18:36:24,5.3846,0.5556,0,-60,-50,-59,-50
2026-06-06T18:36:26,5.3846,0.5556,0,-60,-50,-59,-50
2026-06-06T18:36:27,5.3846,0.5556,0,-51,-50,-59,-50
2026-06-06T18:36:29,5.3846,0.5556,0,-52,-50,-59,-55
2026-06-06T18:36:31,5.3846,0.5556,0,-52,-50,-59,-55
2026-06-06T18:36:32,5.3846,0.5556,0,-52,-50,-59,-56
2026-06-06T18:36:34,5.3846,0.5556,0,-52,-48,-59,-56
2026-06-06T18:36:35,5.3846,0.5556,0,-52,-45,-59,-47
2026-06-06T18:36:37,5.3846,0.5556,0,-55,-45,-59,-47
2026-06-06T18:36:38,5.3846,0.5556,0,-51,-45,-59,-47
2026-06-06T18:36:45,4.8462,0.5556,0,-59,-51,-59,-48
2026-06-06T18:36:46,4.8462,0.5556,0,-59,-51,-59,-48
2026-06-06T18:36:48,4.8462,0.5556,0,-66,-51,-59,-48
2026-06-06T18:36:49,4.8462,0.5556,0,-66,-51,-59,-48
2026-06-06T18:36:51,4.8462,0.5556,0,-66,-47,-59,-60
2026-06-06T18:36:52,4.8462,0.5556,0,-66,-47,-59,-60
2026-06-06T18:36:54,4.8462,0.5556,0,-58,-47,-59,-55
2026-06-06T18:36:55,4.8462,0.5556,0,-58,-47,-59,-55
2026-06-06T18:36:57,4.8462,0.5556,0,-53,-53,-59,-55
2026-06-06T18:36:58,4.8462,0.5556,0,-53,-53,-59,-55
2026-06-06T18:37:05,4.3077,0.5556,0,-51,-53,-59,-55
2026-06-06T18:37:07,4.3077,0.5556,0,-57,-53,-59,-55
2026-06-06T18:37:08,4.3077,0.5556,0,-59,-53,-59,-55
2026-06-06T18:37:10,4.3077,0.5556,0,-59,-53,-59,-55
2026-06-06T18:37:11,4.3077,0.5556,0,-61,-53,-59,-55
2026-06-06T18:37:13,4.3077,0.5556,0,-61,-53,-59,-55
2026-06-06T18:37:14,4.3077,0.5556,0,-61,-54,-59,-55
2026-06-06T18:37:16,4.3077,0.5556,0,-61,-54,-59,-55
2026-06-06T18:37:17,4.3077,0.5556,0,-61,-54,-59,-55
2026-06-06T18:37:19,4.3077,0.5556,0,-61,-54,-59,-55
2026-06-06T18:37:26,3.7692,0.5556,0,-66,-59,-59,-61
2026-06-06T18:37:27,3.7692,0.5556,0,-66,-59,,-61
2026-06-06T18:37:29,3.7692,0.5556,0,-61,-59,,-61
2026-06-06T18:37:30,3.7692,0.5556,0,-61,-59,,-61
2026-06-06T18:37:32,3.7692,0.5556,0,-58,-59,,-61
2026-06-06T18:37:33,3.7692,0.5556,0,-58,-59,,-61
2026-06-06T18:37:35,3.7692,0.5556,0,-58,-59,,-61
2026-06-06T18:37:36,3.7692,0.5556,0,-58,-59,,-61
2026-06-06T18:37:38,3.7692,0.5556,0,-56,-57,,-61
2026-06-06T18:37:39,3.7692,0.5556,0,-56,-57,,-61
2026-06-06T18:37:49,2.6923,0.5556,0,-52,-57,,-61
2026-06-06T18:37:51,2.6923,0.5556,0,-52,-57,,-63
2026-06-06T18:37:52,2.6923,0.5556,0,-52,-57,,-63
2026-06-06T18:37:54,2.6923,0.5556,0,-52,-57,,-63
2026-06-06T18:37:56,2.6923,0.5556,0,-52,-57,,-63
2026-06-06T18:37:57,2.6923,0.5556,0,-52,-57,,-63
2026-06-06T18:37:59,2.6923,0.5556,0,-51,-57,-61,-60
2026-06-06T18:38:00,2.6923,0.5556,0,-51,-57,-61,-60
2026-06-06T18:38:02,2.6923,0.5556,0,-51,-57,-47,-60
2026-06-06T18:38:03,2.6923,0.5556,0,-51,-57,-47,-60
2026-06-06T18:38:10,2.1538,0.5556,0,-49,-57,-50,-63
2026-06-06T18:38:11,2.1538,0.5556,0,-49,-57,-50,-63
2026-06-06T18:38:13,2.1538,0.5556,0,-49,-57,-56,-54
2026-06-06T18:38:14,2.1538,0.5556,0,-49,-57,-56,-54
2026-06-06T18:38:16,2.1538,0.5556,0,-55,-57,-40,-54
2026-06-06T18:38:18,2.1538,0.5556,0,-55,-57,-40,-54
2026-06-06T18:38:19,2.1538,0.5556,0,-39,-57,-43,-54
2026-06-06T18:38:21,2.1538,0.5556,0,-39,-57,-43,-54
2026-06-06T18:38:22,2.1538,0.5556,0,-42,-57,-37,-51
2026-06-06T18:38:24,2.1538,0.5556,0,-42,-57,-37,-51
2026-06-06T18:38:30,1.6154,0.5556,0,-47,-57,-48,-59
2026-06-06T18:38:32,1.6154,0.5556,0,-47,-57,-48,-59
2026-06-06T18:38:33,1.6154,0.5556,0,-44,-57,-37,-48
2026-06-06T18:38:35,1.6154,0.5556,0,-44,-57,-37,-48
2026-06-06T18:38:36,1.6154,0.5556,0,-54,-57,-33,-58
2026-06-06T18:38:38,1.6154,0.5556,0,-54,-57,-33,-58
2026-06-06T18:38:39,1.6154,0.5556,0,-48,-61,-40,-54
2026-06-06T18:38:41,1.6154,0.5556,0,-48,-61,-40,-54
2026-06-06T18:38:42,1.6154,0.5556,0,-49,-61,-54,-64
2026-06-06T18:38:44,1.6154,0.5556,0,-49,-61,-54,-64
2026-06-06T18:38:58,1.0769,0.5556,0,-39,-61,-45,-52
2026-06-06T18:39:00,1.0769,0.5556,0,-39,-61,-45,-52
2026-06-06T18:39:02,1.0769,0.5556,0,-42,-61,-49,-52
2026-06-06T18:39:03,1.0769,0.5556,0,-42,-61,-49,-52
2026-06-06T18:39:05,1.0769,0.5556,0,-46,-61,-49,-60
2026-06-06T18:39:06,1.0769,0.5556,0,-46,-61,-49,-60
2026-06-06T18:39:08,1.0769,0.5556,0,-46,-61,-49,-60
2026-06-06T18:39:09,1.0769,0.5556,0,-52,-66,-32,-55
2026-06-06T18:39:11,1.0769,0.5556,0,-52,-66,-32,-55
2026-06-06T18:39:12,1.0769,0.5556,0,-45,-66,-42,-60
2026-06-06T18:39:23,0,0.5556,0,-43,-66,-43,-57
2026-06-06T18:39:24,0,0.5556,0,-43,-66,-43,-57
2026-06-06T18:39:26,0,0.5556,0,-44,-66,-54,-57
2026-06-06T18:39:27,0,0.5556,0,-44,-66,-54,-57
2026-06-06T18:39:29,0,0.5556,0,-44,-66,-46,-57
2026-06-06T18:39:30,0,0.5556,0,-44,-66,-46,-57
2026-06-06T18:39:32,0,0.5556,0,-45,-66,-51,-57
2026-06-06T18:39:33,0,0.5556,0,-45,-66,-51,-57
2026-06-06T18:39:35,0,0.5556,0,-40,-66,-43,-57
2026-06-06T18:39:36,0,0.5556,0,-40,-66,-43,-57
2026-06-06T18:39:47,0,1.1111,0,-53,-66,-44,-57
2026-06-06T18:39:49,0,1.1111,0,-53,-66,-44,-57
2026-06-06T18:39:50,0,1.1111,0,-53,-66,-44,-57
2026-06-06T18:39:52,0,1.1111,0,-53,-66,-44,-57
2026-06-06T18:39:53,0,1.1111,0,-53,-66,-44,-57
2026-06-06T18:39:55,0,1.1111,0,-53,-66,-44,-57
2026-06-06T18:39:56,0,1.1111,0,-49,-66,-48,-54
2026-06-06T18:39:58,0,1.1111,0,-49,-66,-48,-54
2026-06-06T18:39:59,0,1.1111,0,-56,-66,-45,-59
2026-06-06T18:40:01,0,1.1111,0,-56,-66,-45,-59
2026-06-06T18:40:07,0.5385,1.1111,0,-48,-66,-42,-59
2026-06-06T18:40:08,0.5385,1.1111,0,-48,-66,-42,-59
2026-06-06T18:40:10,0.5385,1.1111,0,-49,-66,-47,-57
2026-06-06T18:40:11,0.5385,1.1111,0,-49,-66,-47,-57
2026-06-06T18:40:13,0.5385,1.1111,0,-52,-66,-47,-59
2026-06-06T18:40:14,0.5385,1.1111,0,-52,-66,-47,-59
2026-06-06T18:40:16,0.5385,1.1111,0,-49,-66,-50,-59
2026-06-06T18:40:17,0.5385,1.1111,0,-49,-66,-50,-59
2026-06-06T18:40:18,0.5385,1.1111,0,-55,-66,-41,-58
2026-06-06T18:40:20,0.5385,1.1111,0,-55,-66,-41,-58
2026-06-06T18:40:25,1.0769,1.1111,0,-67,-66,-54,-55
2026-06-06T18:40:27,1.0769,1.1111,0,-67,-66,-54,-55
2026-06-06T18:40:28,1.0769,1.1111,0,-44,-66,-44,-53
2026-06-06T18:40:30,1.0769,1.1111,0,-44,-66,-44,-53
2026-06-06T18:40:31,1.0769,1.1111,0,-44,-66,-44,-53
2026-06-06T18:40:33,1.0769,1.1111,0,-44,-66,-44,-53
2026-06-06T18:40:34,1.0769,1.1111,0,-44,-66,-44,-53
2026-06-06T18:40:36,1.0769,1.1111,0,-59,-66,-35,-49
2026-06-06T18:40:37,1.0769,1.1111,0,-59,-66,-35,-49
2026-06-06T18:40:39,1.0769,1.1111,0,-49,-66,-48,-49
2026-06-06T18:40:46,1.6154,1.1111,0,-52,-54,-51,-49
2026-06-06T18:40:47,1.6154,1.1111,0,-52,-54,-51,-49
2026-06-06T18:40:48,1.6154,1.1111,0,-52,-54,-51,-49
2026-06-06T18:40:50,1.6154,1.1111,0,-46,-55,-39,-49
2026-06-06T18:40:51,1.6154,1.1111,0,-46,-55,-39,-49
2026-06-06T18:40:53,1.6154,1.1111,0,-44,-55,-44,-49
2026-06-06T18:40:54,1.6154,1.1111,0,-44,-55,-44,-49
2026-06-06T18:40:56,1.6154,1.1111,0,-51,-49,-51,-54
2026-06-06T18:40:57,1.6154,1.1111,0,-51,-49,-51,-54
2026-06-06T18:40:59,1.6154,1.1111,0,-40,-49,-51,-54
2026-06-06T18:41:05,2.1538,1.1111,0,-56,-51,-51,-46
2026-06-06T18:41:06,2.1538,1.1111,0,-52,-51,-48,-54
2026-06-06T18:41:08,2.1538,1.1111,0,-52,-51,-48,-54
2026-06-06T18:41:09,2.1538,1.1111,0,-37,-61,-45,-50
2026-06-06T18:41:11,2.1538,1.1111,0,-37,-61,-45,-50
2026-06-06T18:41:12,2.1538,1.1111,0,-56,-61,-45,-55
2026-06-06T18:41:14,2.1538,1.1111,0,-56,-61,-45,-55
2026-06-06T18:41:15,2.1538,1.1111,0,-60,-61,-47,-55
2026-06-06T18:41:17,2.1538,1.1111,0,-60,-61,-47,-55
2026-06-06T18:41:18,2.1538,1.1111,0,-47,-61,-41,-55
2026-06-06T18:41:25,2.6923,1.1111,0,-52,-61,-49,-55
2026-06-06T18:41:26,2.6923,1.1111,0,-52,-61,-49,-55
2026-06-06T18:41:28,2.6923,1.1111,0,-47,-57,-45,-55
2026-06-06T18:41:29,2.6923,1.1111,0,-47,-57,-45,-55
2026-06-06T18:41:31,2.6923,1.1111,0,-54,-57,-50,-55
2026-06-06T18:41:32,2.6923,1.1111,0,-54,-57,-50,-55
2026-06-06T18:41:34,2.6923,1.1111,0,-60,-57,-43,-55
2026-06-06T18:41:35,2.6923,1.1111,0,-60,-57,-43,-55
2026-06-06T18:41:37,2.6923,1.1111,0,-47,-48,-44,-54
2026-06-06T18:41:38,2.6923,1.1111,0,-47,-46,-61,-54
2026-06-06T18:41:54,3.7692,1.1111,0,-53,-46,-47,-48
2026-06-06T18:41:55,3.7692,1.1111,0,-53,-46,-47,-48
2026-06-06T18:41:57,3.7692,1.1111,0,-53,-46,-47,-48
2026-06-06T18:41:58,3.7692,1.1111,0,-53,-60,-51,-54
2026-06-06T18:42:00,3.7692,1.1111,0,-53,-60,-51,-54
2026-06-06T18:42:01,3.7692,1.1111,0,-62,-60,-56,-43
2026-06-06T18:42:03,3.7692,1.1111,0,-62,-60,-56,-43
2026-06-06T18:42:04,3.7692,1.1111,0,-62,-60,-56,-43
2026-06-06T18:42:06,3.7692,1.1111,0,-62,-60,-56,-43
2026-06-06T18:42:07,3.7692,1.1111,0,-62,-60,-46,-61
2026-06-06T18:42:15,4.3077,1.1111,0,-54,-60,-61,-61
2026-06-06T18:42:16,4.3077,1.1111,0,-54,-60,-61,-61
2026-06-06T18:42:18,4.3077,1.1111,0,-58,-60,-44,-60
2026-06-06T18:42:20,4.3077,1.1111,0,-58,-60,-44,-60
2026-06-06T18:42:21,4.3077,1.1111,0,-50,-60,-45,-54
2026-06-06T18:42:23,4.3077,1.1111,0,-50,-60,-45,-54
2026-06-06T18:42:24,4.3077,1.1111,0,-57,-59,-54,-49
2026-06-06T18:42:26,4.3077,1.1111,0,-57,-59,-54,-49
2026-06-06T18:42:27,4.3077,1.1111,0,-63,-59,-49,-51
2026-06-06T18:42:29,4.3077,1.1111,0,-63,-59,-49,-51
2026-06-06T18:42:34,4.8462,1.1111,0,-57,-59,-51,-52
2026-06-06T18:42:36,4.8462,1.1111,0,-57,-59,-51,-52
2026-06-06T18:42:37,4.8462,1.1111,0,-57,-59,-51,-52
2026-06-06T18:42:39,4.8462,1.1111,0,-53,-59,-51,-52
2026-06-06T18:42:40,4.8462,1.1111,0,-53,-59,-51,-52
2026-06-06T18:42:42,4.8462,1.1111,0,-50,-59,-50,-52
2026-06-06T18:42:43,4.8462,1.1111,0,-59,-59,-50,-52
2026-06-06T18:42:45,4.8462,1.1111,0,-59,-59,-50,-52
2026-06-06T18:42:47,4.8462,1.1111,0,-59,-59,-50,-52
2026-06-06T18:42:48,4.8462,1.1111,0,-52,-59,-47,-51
2026-06-06T18:42:53,5.3846,1.1111,0,-52,-46,-52,-51
2026-06-06T18:42:55,5.3846,1.1111,0,-52,-46,-52,-51
2026-06-06T18:42:57,5.3846,1.1111,0,-58,-46,-52,-45
2026-06-06T18:42:58,5.3846,1.1111,0,-53,-46,-46,-45
2026-06-06T18:43:00,5.3846,1.1111,0,-53,-46,-46,-45
2026-06-06T18:43:01,5.3846,1.1111,0,-53,-46,-47,-45
2026-06-06T18:43:03,5.3846,1.1111,0,-53,-46,-47,-45
2026-06-06T18:43:05,5.3846,1.1111,0,-59,-46,-50,-38
2026-06-06T18:43:06,5.3846,1.1111,0,-59,-46,-50,-38
2026-06-06T18:43:08,5.3846,1.1111,0,-59,-46,-50,-38
2026-06-06T18:43:15,5.9231,1.1111,0,-46,-46,-50,-38
2026-06-06T18:43:16,5.9231,1.1111,0,-55,-49,-49,-38
2026-06-06T18:43:18,5.9231,1.1111,0,-55,-49,-49,-38
2026-06-06T18:43:19,5.9231,1.1111,0,-50,-54,-47,-38
2026-06-06T18:43:21,5.9231,1.1111,0,-50,-54,-47,-38
2026-06-06T18:43:23,5.9231,1.1111,0,-51,-54,-47,-53
2026-06-06T18:43:24,5.9231,1.1111,0,-53,-54,-45,-60
2026-06-06T18:43:26,5.9231,1.1111,0,-50,-54,-51,-60
2026-06-06T18:43:27,5.9231,1.1111,0,-57,-57,-51,-58
2026-06-06T18:43:29,5.9231,1.1111,0,-56,-47,-52,-62
2026-06-06T18:43:36,6.4615,1.1111,0,-60,-47,-52,-55
2026-06-06T18:43:38,6.4615,1.1111,0,-60,-47,-52,-55
2026-06-06T18:43:39,6.4615,1.1111,0,-51,-45,-55,-61
2026-06-06T18:43:41,6.4615,1.1111,0,-51,-45,-55,-61
2026-06-06T18:43:43,6.4615,1.1111,0,-51,-45,-50,-42
2026-06-06T18:43:44,6.4615,1.1111,0,-51,-45,-50,-42
2026-06-06T18:43:46,6.4615,1.1111,0,-52,-45,-50,-50
2026-06-06T18:43:47,6.4615,1.1111,0,-52,-47,-49,-50
2026-06-06T18:43:49,6.4615,1.1111,0,-52,-47,-49,-50
2026-06-06T18:43:51,6.4615,1.1111,0,-58,-47,-52,-40
2026-06-06T18:43:57,7,1.1111,0,-66,-44,-52,-51
2026-06-06T18:43:58,7,1.1111,0,-52,-44,-52,-52
2026-06-06T18:44:00,7,1.1111,0,-52,-44,-52,-52
2026-06-06T18:44:02,7,1.1111,0,-52,-44,-52,-52
2026-06-06T18:44:03,7,1.1111,0,-53,-57,-47,-49
2026-06-06T18:44:05,7,1.1111,0,-53,-57,-47,-49
2026-06-06T18:44:07,7,1.1111,0,-53,-57,-47,-49
2026-06-06T18:44:08,7,1.1111,0,-53,-57,-46,-49
2026-06-06T18:44:10,7,1.1111,0,-53,-57,-46,-49
2026-06-06T18:44:12,7,1.1111,0,-53,-57,-46,-49
2026-06-06T18:46:11,7,1.6667,0,,,-47,-53
2026-06-06T18:46:12,7,1.6667,0,,,-47,-53
2026-06-06T18:46:14,7,1.6667,0,-62,-51,-44,-46
2026-06-06T18:46:15,7,1.6667,0,-62,-51,-44,-46
2026-06-06T18:46:17,7,1.6667,0,-62,-51,-44,-46
2026-06-06T18:46:18,7,1.6667,0,-62,-51,-44,-46
2026-06-06T18:46:20,7,1.6667,0,-62,-51,-44,-46
2026-06-06T18:46:21,7,1.6667,0,-57,-51,-44,-46
2026-06-06T18:46:23,7,1.6667,0,-57,-51,-44,-46
2026-06-06T18:46:24,7,1.6667,0,-62,-48,-49,-46
2026-06-06T18:50:33,5.9231,0,0,-57,-48,-49,-63
2026-06-06T18:50:34,5.9231,0,0,-57,-48,-49,-63
2026-06-06T18:50:35,5.9231,0,0,-57,-48,-49,-63
2026-06-06T18:50:36,5.9231,0,0,-59,-63,-44,-63
2026-06-06T18:50:37,5.9231,0,0,-59,-63,-44,-63
2026-06-06T18:50:38,5.9231,0,0,-59,-63,-44,-63
2026-06-06T18:50:39,5.9231,0,0,-59,-63,-44,-63
2026-06-06T18:50:40,5.9231,0,0,-59,-50,-53,-63
2026-06-06T18:50:41,5.9231,0,0,-53,-45,-49,-63
2026-06-06T18:50:42,5.9231,0,0,-54,-57,-49,-53
2026-06-06T18:50:48,6.4615,0,0,-53,-57,-49,-53
2026-06-06T18:50:49,6.4615,0,0,-53,-57,-49,-53
2026-06-06T18:50:50,6.4615,0,0,-53,-57,-49,-54
2026-06-06T18:50:51,6.4615,0,0,-53,-57,-49,-54
2026-06-06T18:50:52,6.4615,0,0,-53,-57,-49,-54
2026-06-06T18:50:53,6.4615,0,0,-67,-42,-57,-54
2026-06-06T18:50:54,6.4615,0,0,-67,-42,-57,-54
2026-06-06T18:50:55,6.4615,0,0,-67,-42,-57,-54
2026-06-06T18:50:56,6.4615,0,0,-67,-42,-57,-54
2026-06-06T18:50:57,6.4615,0,0,-67,-42,-57,-54
2026-06-06T18:51:17,3.2308,0.5556,0,-45,-42,-57,-50
2026-06-06T18:51:18,3.2308,0.5556,0,-45,-42,-57,-50
2026-06-06T18:51:19,3.2308,0.5556,0,-45,-42,-57,-50
2026-06-06T18:51:20,3.2308,0.5556,0,-50,-42,-42,-49
2026-06-06T18:51:21,3.2308,0.5556,0,-50,-42,-42,-49
2026-06-06T18:51:22,3.2308,0.5556,0,-50,-42,-42,-49
2026-06-06T18:51:23,3.2308,0.5556,0,-54,-42,-42,-65
2026-06-06T18:51:24,3.2308,0.5556,0,-54,-42,-42,-65
2026-06-06T18:51:25,3.2308,0.5556,0,-54,-42,-42,-65
2026-06-06T18:51:26,3.2308,0.5556,0,-54,-42,-42,-65
2026-06-06T18:51:36,0.5385,0.5556,0,-48,-42,-42,-54
2026-06-06T18:51:37,0.5385,0.5556,0,-48,-42,-42,-54
2026-06-06T18:51:38,0.5385,0.5556,0,-48,-42,-42,-54
2026-06-06T18:51:39,0.5385,0.5556,0,-54,-42,-44,-59
2026-06-06T18:51:40,0.5385,0.5556,0,-54,-42,-44,-59
2026-06-06T18:51:41,0.5385,0.5556,0,-54,-42,-44,-59
2026-06-06T18:51:42,0.5385,0.5556,0,-54,-42,-44,-59
2026-06-06T18:51:43,0.5385,0.5556,0,-54,-42,-44,-59
2026-06-06T18:51:44,0.5385,0.5556,0,-54,-62,-42,-59
2026-06-06T18:51:45,0.5385,0.5556,0,-54,-62,-42,-59
2026-06-06T18:52:05,3.2308,1.1111,0,-54,-50,-42,-59
2026-06-06T18:52:06,3.2308,1.1111,0,-54,-50,-42,-59
2026-06-06T18:52:07,3.2308,1.1111,0,-54,-50,-42,-59
2026-06-06T18:52:08,3.2308,1.1111,0,-54,-50,-44,-68
2026-06-06T18:52:09,3.2308,1.1111,0,-44,-50,-44,-68
2026-06-06T18:52:10,3.2308,1.1111,0,-44,-50,-44,-68
2026-06-06T18:52:11,3.2308,1.1111,0,-51,-50,-44,-68
2026-06-06T18:52:12,3.2308,1.1111,0,-51,-50,-44,-68
2026-06-06T18:52:13,3.2308,1.1111,0,-51,-50,-44,-55
2026-06-06T18:52:14,3.2308,1.1111,0,-51,-50,-44,-55
2026-06-06T18:52:46,6.4615,1.6667,0,-51,-50,-44,-55
2026-06-06T18:52:47,6.4615,1.6667,0,-51,-61,-48,-57
2026-06-06T18:52:48,6.4615,1.6667,0,-51,-61,-48,-57
2026-06-06T18:52:49,6.4615,1.6667,0,-51,-61,-48,-57
2026-06-06T18:52:50,6.4615,1.6667,0,-51,-61,-48,-57
2026-06-06T18:52:51,6.4615,1.6667,0,-51,-61,-48,-57
2026-06-06T18:52:52,6.4615,1.6667,0,-51,-61,-48,-57
2026-06-06T18:52:53,6.4615,1.6667,0,-51,-61,-48,-57
2026-06-06T18:52:54,6.4615,1.6667,0,-51,-61,-48,-57
2026-06-06T18:52:55,6.4615,1.6667,0,-50,-61,-47,-57
2026-06-06T18:53:00,5.9231,1.6667,0,-50,-57,-60,-59
2026-06-06T18:53:01,5.9231,1.6667,0,-48,-57,-60,-59
2026-06-06T18:53:02,5.9231,1.6667,0,-48,-57,-60,-59
2026-06-06T18:53:03,5.9231,1.6667,0,-58,-62,-52,-57
2026-06-06T18:53:04,5.9231,1.6667,0,-58,-59,-61,-42
2026-06-06T18:53:05,5.9231,1.6667,0,-58,-59,-61,-42
2026-06-06T18:53:06,5.9231,1.6667,0,-52,-59,-45,-40
2026-06-06T18:53:07,5.9231,1.6667,0,-52,-59,-45,-40
2026-06-06T18:53:08,5.9231,1.6667,0,-58,-54,-52,-57
2026-06-06T18:53:09,5.9231,1.6667,0,-58,-54,-52,-57
2026-06-06T18:53:13,5.3846,1.6667,0,-47,-53,-52,-59
2026-06-06T18:53:14,5.3846,1.6667,0,-47,-53,-52,-59
2026-06-06T18:53:15,5.3846,1.6667,0,-57,-53,-57,-56
2026-06-06T18:53:16,5.3846,1.6667,0,-57,-53,-57,-56
2026-06-06T18:53:17,5.3846,1.6667,0,-57,-53,-58,-43
2026-06-06T18:53:18,5.3846,1.6667,0,-57,-53,-58,-43
2026-06-06T18:53:19,5.3846,1.6667,0,-57,-53,-58,-43
2026-06-06T18:53:20,5.3846,1.6667,0,-49,-43,-58,-44
2026-06-06T18:53:21,5.3846,1.6667,0,-49,-43,-58,-44
2026-06-06T18:53:22,5.3846,1.6667,0,-49,-43,-58,-44
2026-06-06T18:53:26,4.8462,1.6667,0,-56,-43,-49,-51
2026-06-06T18:53:27,4.8462,1.6667,0,-56,-59,-49,-51
2026-06-06T18:53:28,4.8462,1.6667,0,-56,-59,-49,-51
2026-06-06T18:53:29,4.8462,1.6667,0,-54,-45,-50,-50
2026-06-06T18:53:30,4.8462,1.6667,0,-54,-45,-50,-50
2026-06-06T18:53:31,4.8462,1.6667,0,-54,-58,-49,-50
2026-06-06T18:53:32,4.8462,1.6667,0,-54,-58,-49,-50
2026-06-06T18:53:33,4.8462,1.6667,0,-54,-58,-49,-50
2026-06-06T18:53:34,4.8462,1.6667,0,-54,-52,-53,-62
2026-06-06T18:53:35,4.8462,1.6667,0,-54,-52,-53,-62
2026-06-06T18:53:44,4.3077,1.6667,0,-52,-52,-53,-62
2026-06-06T18:53:45,4.3077,1.6667,0,-52,-52,-53,-62
2026-06-06T18:53:45,4.3077,1.6667,0,-52,-52,-53,-62
2026-06-06T18:53:46,4.3077,1.6667,0,-44,-52,-53,-62
2026-06-06T18:53:47,4.3077,1.6667,0,-44,-52,-53,-62
2026-06-06T18:53:48,4.3077,1.6667,0,-57,-52,-53,-49
2026-06-06T18:53:49,4.3077,1.6667,0,-57,-52,-53,-49
2026-06-06T18:53:50,4.3077,1.6667,0,-57,-52,-53,-49
2026-06-06T18:53:51,4.3077,1.6667,0,-57,-52,-53,-49
2026-06-06T18:53:52,4.3077,1.6667,0,-57,-52,-53,-49
2026-06-06T18:54:01,3.7692,1.6667,0,-57,-52,-53,-49
2026-06-06T18:54:02,3.7692,1.6667,0,-57,-52,-53,-49
2026-06-06T18:54:03,3.7692,1.6667,0,-57,-52,-53,-49
2026-06-06T18:54:04,3.7692,1.6667,0,-59,-59,-53,-49
2026-06-06T18:54:05,3.7692,1.6667,0,-59,-59,-53,-49
2026-06-06T18:54:06,3.7692,1.6667,0,-59,-59,-53,-49
2026-06-06T18:54:07,3.7692,1.6667,0,-59,-59,-53,-49
2026-06-06T18:54:08,3.7692,1.6667,0,-59,-59,-53,-49
2026-06-06T18:54:09,3.7692,1.6667,0,-57,-49,-53,-54
2026-06-06T18:54:10,3.7692,1.6667,0,-57,-49,-53,-54
2026-06-06T18:54:20,3.2308,1.6667,0,-54,-49,-45,-54
2026-06-06T18:54:21,3.2308,1.6667,0,-54,-49,-45,-54
2026-06-06T18:54:22,3.2308,1.6667,0,-54,-49,-45,-54
2026-06-06T18:54:23,3.2308,1.6667,0,-54,-69,-45,-54
2026-06-06T18:54:24,3.2308,1.6667,0,-51,-69,-45,-54
2026-06-06T18:54:25,3.2308,1.6667,0,-51,-69,-45,-54
2026-06-06T18:54:26,3.2308,1.6667,0,-51,-69,-47,-60
2026-06-06T18:54:27,3.2308,1.6667,0,-51,-69,-47,-60
2026-06-06T18:54:28,3.2308,1.6667,0,-51,-69,-47,-60
2026-06-06T18:54:29,3.2308,1.6667,0,-51,-69,-47,-60
2026-06-06T18:54:32,2.6923,1.6667,0,-51,-69,-47,-51
2026-06-06T18:54:33,2.6923,1.6667,0,-52,-69,-47,-51
2026-06-06T18:54:34,2.6923,1.6667,0,-52,-69,-47,-51
2026-06-06T18:54:35,2.6923,1.6667,0,-52,-69,-43,-50
2026-06-06T18:54:36,2.6923,1.6667,0,-60,-69,-43,-50
2026-06-06T18:54:37,2.6923,1.6667,0,-60,-69,-43,-50
2026-06-06T18:54:38,2.6923,1.6667,0,-60,-69,-43,-50
2026-06-06T18:54:39,2.6923,1.6667,0,-60,-69,-43,-50
2026-06-06T18:54:40,2.6923,1.6667,0,-60,-69,-43,-47
2026-06-06T18:54:41,2.6923,1.6667,0,-60,-69,-43,-47
2026-06-06T18:54:45,2.1538,1.6667,0,-60,-69,-46,-55
2026-06-06T18:54:46,2.1538,1.6667,0,-60,-69,-46,-55
2026-06-06T18:54:47,2.1538,1.6667,0,-60,-69,-63,-55
2026-06-06T18:54:48,2.1538,1.6667,0,-60,-69,-63,-55
2026-06-06T18:54:49,2.1538,1.6667,0,-60,-69,-63,-55
2026-06-06T18:54:50,2.1538,1.6667,0,-60,-69,-63,-55
2026-06-06T18:54:51,2.1538,1.6667,0,-60,-69,-52,-51
2026-06-06T18:54:52,2.1538,1.6667,0,-60,-69,-52,-51
2026-06-06T18:54:53,2.1538,1.6667,0,-60,-69,-52,-51
2026-06-06T18:54:54,2.1538,1.6667,0,-60,-66,-47,-51
2026-06-06T18:55:00,1.6154,1.6667,0,-60,-66,-47,-51
2026-06-06T18:55:01,1.6154,1.6667,0,-60,-49,-50,-56
2026-06-06T18:55:02,1.6154,1.6667,0,-60,-49,-50,-56
2026-06-06T18:55:03,1.6154,1.6667,0,-60,-49,-50,-56
2026-06-06T18:55:04,1.6154,1.6667,0,-60,-49,-44,-56
2026-06-06T18:55:05,1.6154,1.6667,0,-60,-49,-44,-56
2026-06-06T18:55:06,1.6154,1.6667,0,-60,-49,-44,-56
2026-06-06T18:55:07,1.6154,1.6667,0,-60,-63,-46,-60
2026-06-06T18:55:08,1.6154,1.6667,0,-60,-63,-46,-60
2026-06-06T18:55:09,1.6154,1.6667,0,-60,-63,-46,-60
2026-06-06T18:55:16,1.0769,1.6667,0,-60,-63,-38,-60
2026-06-06T18:55:17,1.0769,1.6667,0,-60,-63,-38,-60
2026-06-06T18:55:18,1.0769,1.6667,0,-60,-63,-38,-60
2026-06-06T18:55:19,1.0769,1.6667,0,-60,-63,-51,-60
2026-06-06T18:55:20,1.0769,1.6667,0,-60,-63,-51,-60
2026-06-06T18:55:21,1.0769,1.6667,0,-60,-63,-51,-60
2026-06-06T18:55:22,1.0769,1.6667,0,-60,-52,-39,-51
2026-06-06T18:55:23,1.0769,1.6667,0,-60,-52,-39,-51
2026-06-06T18:55:24,1.0769,1.6667,0,-60,-52,-43,-59
2026-06-06T18:55:25,1.0769,1.6667,0,-60,-52,-43,-59
2026-06-06T18:55:37,0.5385,1.6667,0,-60,-52,-45,-48
2026-06-06T18:55:38,0.5385,1.6667,0,-60,-52,-45,-48
2026-06-06T18:55:39,0.5385,1.6667,0,-60,-52,-45,-48
2026-06-06T18:55:40,0.5385,1.6667,0,-60,-52,-35,-52
2026-06-06T18:55:40,0.5385,1.6667,0,-60,-52,-35,-52
2026-06-06T18:55:41,0.5385,1.6667,0,-60,-52,-35,-52
2026-06-06T18:55:42,0.5385,1.6667,0,-60,-52,-35,-52
2026-06-06T18:55:43,0.5385,1.6667,0,-60,-52,-35,-52
2026-06-06T18:55:44,0.5385,1.6667,0,-60,-52,-34,-55
2026-06-06T18:55:45,0.5385,1.6667,0,-60,-52,-34,-55
2026-06-06T18:55:50,0,1.6667,0,-60,-52,-34,-55
2026-06-06T18:55:51,0,1.6667,0,-60,-52,-41,-47
2026-06-06T18:55:52,0,1.6667,0,-60,-52,-41,-47
2026-06-06T18:55:53,0,1.6667,0,-60,-52,-41,-47
2026-06-06T18:55:54,0,1.6667,0,-60,-52,-43,-46
2026-06-06T18:55:55,0,1.6667,0,-60,-52,-43,-46
2026-06-06T18:55:56,0,1.6667,0,-60,-52,-43,-46
2026-06-06T18:55:56,0,1.6667,0,-60,-52,-36,-46
2026-06-06T18:55:57,0,1.6667,0,-60,-52,-36,-46
2026-06-06T18:55:58,0,1.6667,0,-60,-52,-36,-46
2026-06-06T18:56:21,0,2.2222,0,-60,-52,-36,-69
2026-06-06T18:56:22,0,2.2222,0,-60,-52,-36,-69
2026-06-06T18:56:23,0,2.2222,0,-60,-52,-36,-69
2026-06-06T18:56:24,0,2.2222,0,-60,-61,-42,-58
2026-06-06T18:56:25,0,2.2222,0,-60,-61,-42,-58
2026-06-06T18:56:26,0,2.2222,0,-60,-61,-42,-58
2026-06-06T18:56:27,0,2.2222,0,-60,-61,-40,-61
2026-06-06T18:56:27,0,2.2222,0,-60,-61,-40,-61
2026-06-06T18:56:28,0,2.2222,0,-60,-61,-40,-61
2026-06-06T18:56:29,0,2.2222,0,-60,-59,-45,-57
2026-06-06T18:56:43,0.5385,2.2222,0,,-59,-43,-50
2026-06-06T18:56:44,0.5385,2.2222,0,,-59,-43,-50
2026-06-06T18:56:44,0.5385,2.2222,0,,-59,-43,-50
2026-06-06T18:56:45,0.5385,2.2222,0,-60,-59,-48,-52
2026-06-06T18:56:46,0.5385,2.2222,0,-60,-59,-48,-52
2026-06-06T18:56:47,0.5385,2.2222,0,-60,-59,-48,-52
2026-06-06T18:56:48,0.5385,2.2222,0,-60,-59,-40,-58
2026-06-06T18:56:49,0.5385,2.2222,0,-60,-59,-40,-58
2026-06-06T18:56:49,0.5385,2.2222,0,-60,-59,-40,-58
2026-06-06T18:56:50,0.5385,2.2222,0,,-59,-44,-55
2026-06-06T18:57:13,1.0769,2.2222,0,,-57,-35,-55
2026-06-06T18:57:14,1.0769,2.2222,0,,-57,-35,-55
2026-06-06T18:57:14,1.0769,2.2222,0,,-57,-35,-55
2026-06-06T18:57:15,1.0769,2.2222,0,-60,-57,-41,-55
2026-06-06T18:57:16,1.0769,2.2222,0,-60,-57,-41,-55
2026-06-06T18:57:17,1.0769,2.2222,0,-60,-57,-41,-55
2026-06-06T18:57:18,1.0769,2.2222,0,-60,-63,-33,-55
2026-06-06T18:57:19,1.0769,2.2222,0,-60,-63,-33,-55
2026-06-06T18:57:20,1.0769,2.2222,0,-60,-63,-33,-55
2026-06-06T18:57:21,1.0769,2.2222,0,,-54,-37,-53
2026-06-06T18:57:45,1.6154,2.2222,0,-50,-57,-42,-53
2026-06-06T18:57:46,1.6154,2.2222,0,-50,-57,-42,-53
2026-06-06T18:57:46,1.6154,2.2222,0,-50,-57,-42,-53
2026-06-06T18:57:47,1.6154,2.2222,0,-46,-57,-37,-51
2026-06-06T18:57:48,1.6154,2.2222,0,-46,-57,-37,-51
2026-06-06T18:57:49,1.6154,2.2222,0,-46,-57,-37,-51
2026-06-06T18:57:50,1.6154,2.2222,0,-46,-57,-37,-51
2026-06-06T18:57:51,1.6154,2.2222,0,-46,-57,-37,-51
2026-06-06T18:57:52,1.6154,2.2222,0,-46,-57,-37,-51
2026-06-06T18:57:52,1.6154,2.2222,0,-46,-57,-37,-51
2026-06-06T18:58:05,2.1538,2.2222,0,-40,-57,-40,-51
2026-06-06T18:58:06,2.1538,2.2222,0,-40,-57,-40,-51
2026-06-06T18:58:07,2.1538,2.2222,0,-40,-57,-40,-51
2026-06-06T18:58:07,2.1538,2.2222,0,-40,-57,-40,-51
2026-06-06T18:58:08,2.1538,2.2222,0,-41,-57,-38,-62
2026-06-06T18:58:09,2.1538,2.2222,0,-41,-57,-38,-62
2026-06-06T18:58:10,2.1538,2.2222,0,-41,-57,-38,-62
2026-06-06T18:58:11,2.1538,2.2222,0,-41,-57,-38,-62
2026-06-06T18:58:12,2.1538,2.2222,0,-41,-57,-38,-62
2026-06-06T18:58:13,2.1538,2.2222,0,-41,-57,-38,-62
2026-06-06T18:58:22,2.6923,2.2222,0,-50,-57,-40,-64
2026-06-06T18:58:23,2.6923,2.2222,0,-50,-57,-40,-64
2026-06-06T18:58:23,2.6923,2.2222,0,-50,-57,-40,-64
2026-06-06T18:58:24,2.6923,2.2222,0,-53,-57,-49,-51
2026-06-06T18:58:25,2.6923,2.2222,0,-53,-57,-49,-51
2026-06-06T18:58:26,2.6923,2.2222,0,-53,-57,-49,-51
2026-06-06T18:58:27,2.6923,2.2222,0,-53,-57,-49,-51
2026-06-06T18:58:28,2.6923,2.2222,0,-53,-57,-49,-51
2026-06-06T18:58:29,2.6923,2.2222,0,-53,-57,-49,-51
2026-06-06T18:58:29,2.6923,2.2222,0,-53,-57,-49,-51
2026-06-06T18:58:38,3.2308,2.2222,0,-48,-57,-51,-71
2026-06-06T18:58:39,3.2308,2.2222,0,-48,-57,-51,-71
2026-06-06T18:58:39,3.2308,2.2222,0,-48,-57,-51,-71
2026-06-06T18:58:40,3.2308,2.2222,0,-47,-62,-52,-71
2026-06-06T18:58:41,3.2308,2.2222,0,-47,-62,-52,-71
2026-06-06T18:58:42,3.2308,2.2222,0,-47,-62,-52,-71
2026-06-06T18:58:43,3.2308,2.2222,0,-48,-62,-47,-59
2026-06-06T18:58:44,3.2308,2.2222,0,-48,-62,-47,-59
2026-06-06T18:58:45,3.2308,2.2222,0,-48,-62,-47,-59
2026-06-06T18:58:45,3.2308,2.2222,0,-45,-61,-53,-59
2026-06-06T18:58:55,3.7692,2.2222,0,-62,-61,-47,-59
2026-06-06T18:58:56,3.7692,2.2222,0,-62,-61,-47,-59
2026-06-06T18:58:56,3.7692,2.2222,0,-62,-61,-47,-59
2026-06-06T18:58:57,3.7692,2.2222,0,-47,-61,-51,-59
2026-06-06T18:58:58,3.7692,2.2222,0,-47,-61,-51,-46
2026-06-06T18:58:59,3.7692,2.2222,0,-47,-61,-51,-46
2026-06-06T18:59:00,3.7692,2.2222,0,-51,-61,-44,-58
2026-06-06T18:59:01,3.7692,2.2222,0,-51,-61,-44,-58
2026-06-06T18:59:02,3.7692,2.2222,0,-51,-61,-44,-58
2026-06-06T18:59:03,3.7692,2.2222,0,-47,-49,-50,-58
2026-06-06T18:59:10,4.3077,2.2222,0,-55,-45,-45,-58
2026-06-06T18:59:11,4.3077,2.2222,0,-55,-45,-45,-58
2026-06-06T18:59:12,4.3077,2.2222,0,-55,-45,-45,-58
2026-06-06T18:59:13,4.3077,2.2222,0,-44,-52,-40,-45
2026-06-06T18:59:14,4.3077,2.2222,0,-44,-52,-40,-45
2026-06-06T18:59:15,4.3077,2.2222,0,-50,-52,-43,-50
2026-06-06T18:59:16,4.3077,2.2222,0,-50,-52,-43,-50
2026-06-06T18:59:17,4.3077,2.2222,0,-44,-52,-40,-50
2026-06-06T18:59:18,4.3077,2.2222,0,-44,-52,-40,-50
2026-06-06T18:59:19,4.3077,2.2222,0,-49,-52,-43,-46
2026-06-06T19:00:20,4.8462,2.2222,0,-60,-56,-43,-61
2026-06-06T19:00:21,4.8462,2.2222,0,-60,-56,-43,-61
2026-06-06T19:00:22,4.8462,2.2222,0,-60,-56,-43,-61
2026-06-06T19:00:23,4.8462,2.2222,0,-64,-56,-41,-54
2026-06-06T19:00:24,4.8462,2.2222,0,-64,-56,-41,-54
2026-06-06T19:00:25,4.8462,2.2222,0,-64,-56,-41,-54
2026-06-06T19:00:26,4.8462,2.2222,0,-60,-54,-55,-54
2026-06-06T19:00:27,4.8462,2.2222,0,-60,-54,-55,-54
2026-06-06T19:00:28,4.8462,2.2222,0,-60,-54,-55,-54
2026-06-06T19:00:29,4.8462,2.2222,0,-60,-54,-55,-54
2026-06-06T19:00:34,5.3846,2.2222,0,-51,-54,-54,-54
2026-06-06T19:00:35,5.3846,2.2222,0,-51,-54,-54,-54
2026-06-06T19:00:36,5.3846,2.2222,0,-55,-55,-54,-50
2026-06-06T19:00:37,5.3846,2.2222,0,-55,-55,-54,-50
2026-06-06T19:00:38,5.3846,2.2222,0,-61,-55,-56,-50
2026-06-06T19:00:39,5.3846,2.2222,0,-61,-55,-56,-50
2026-06-06T19:00:40,5.3846,2.2222,0,-48,-55,-51,-55
2026-06-06T19:00:42,5.3846,2.2222,0,-48,-55,-51,-55
2026-06-06T19:00:43,5.3846,2.2222,0,-51,-62,-46,-55
2026-06-06T19:00:44,5.3846,2.2222,0,-51,-62,-46,-55
2026-06-06T19:00:52,5.9231,2.2222,0,-58,-53,-48,-55
2026-06-06T19:00:53,5.9231,2.2222,0,-58,-53,-48,-55
2026-06-06T19:00:54,5.9231,2.2222,0,-49,-57,-48,-49
2026-06-06T19:00:55,5.9231,2.2222,0,-49,-57,-48,-49
2026-06-06T19:00:56,5.9231,2.2222,0,-67,-57,-46,-47
2026-06-06T19:00:57,5.9231,2.2222,0,-67,-57,-46,-47
2026-06-06T19:00:58,5.9231,2.2222,0,-48,-57,-48,-48
2026-06-06T19:00:59,5.9231,2.2222,0,-48,-57,-48,-48
2026-06-06T19:01:00,5.9231,2.2222,0,-51,-57,-42,-51
2026-06-06T19:01:01,5.9231,2.2222,0,-51,-57,-42,-51
2026-06-06T19:01:06,6.4615,2.2222,0,-55,-49,-42,-51
2026-06-06T19:01:07,6.4615,2.2222,0,-55,-49,-42,-43
2026-06-06T19:01:08,6.4615,2.2222,0,-55,-49,-42,-43
2026-06-06T19:01:09,6.4615,2.2222,0,-56,-49,-42,-43
2026-06-06T19:01:10,6.4615,2.2222,0,-59,-49,-42,-43
2026-06-06T19:01:11,6.4615,2.2222,0,-59,-49,-42,-43
2026-06-06T19:01:12,6.4615,2.2222,0,-49,-49,-46,-47
2026-06-06T19:01:13,6.4615,2.2222,0,-49,-49,-46,-47
2026-06-06T19:01:14,6.4615,2.2222,0,-53,-49,-61,-54
2026-06-06T19:01:15,6.4615,2.2222,0,-59,-49,-51,-41
2026-06-06T19:01:18,7,2.2222,0,-56,-49,-51,-41
2026-06-06T19:01:19,7,2.2222,0,-56,-49,-51,-41
2026-06-06T19:01:20,7,2.2222,0,-55,-49,-52,-41
2026-06-06T19:01:21,7,2.2222,0,-55,-49,-52,-41
2026-06-06T19:01:22,7,2.2222,0,-52,-49,-54,-49
2026-06-06T19:01:23,7,2.2222,0,-52,-49,-54,-49
2026-06-06T19:01:24,7,2.2222,0,-59,-49,-51,-49
2026-06-06T19:01:25,7,2.2222,0,-59,-49,-51,-43
2026-06-06T19:01:26,7,2.2222,0,-48,-49,-49,-47
2026-06-06T19:01:27,7,2.2222,0,-48,-49,-49,-47
2026-06-06T19:01:53,7,2.7778,0,-52,-49,-53,-61
2026-06-06T19:01:54,7,2.7778,0,-52,-49,-53,-61
2026-06-06T19:01:55,7,2.7778,0,-52,-49,-53,-61
2026-06-06T19:01:56,7,2.7778,0,-56,-49,-51,-61
2026-06-06T19:01:56,7,2.7778,0,-56,-49,-51,-61
2026-06-06T19:01:57,7,2.7778,0,-43,-49,-51,-54
2026-06-06T19:01:58,7,2.7778,0,-43,-49,-51,-54
2026-06-06T19:01:59,7,2.7778,0,-49,-49,-46,-42
2026-06-06T19:02:00,7,2.7778,0,-49,-49,-46,-42
2026-06-06T19:02:01,7,2.7778,0,-52,-50,-45,-41
2026-06-06T19:02:07,6.4615,2.7778,0,-57,-47,-45,-45
2026-06-06T19:02:08,6.4615,2.7778,0,-57,-47,-45,-45
2026-06-06T19:02:09,6.4615,2.7778,0,-57,-47,-45,-45
2026-06-06T19:02:10,6.4615,2.7778,0,-67,-47,-42,-41
2026-06-06T19:02:11,6.4615,2.7778,0,-67,-47,-42,-41
2026-06-06T19:02:12,6.4615,2.7778,0,-50,-47,-43,-63
2026-06-06T19:02:13,6.4615,2.7778,0,-50,-47,-43,-63
2026-06-06T19:02:14,6.4615,2.7778,0,-57,-44,-43,-63
2026-06-06T19:02:15,6.4615,2.7778,0,-57,-44,-43,-63
2026-06-06T19:02:16,6.4615,2.7778,0,-55,-44,-46,-63
2026-06-06T19:02:19,5.9231,2.7778,0,-54,-44,-46,-63
2026-06-06T19:02:20,5.9231,2.7778,0,-54,-44,-46,-63
2026-06-06T19:02:21,5.9231,2.7778,0,-53,-44,-46,-63
2026-06-06T19:02:22,5.9231,2.7778,0,-60,-44,-42,-63
2026-06-06T19:02:23,5.9231,2.7778,0,-47,-44,-44,-48
2026-06-06T19:02:24,5.9231,2.7778,0,-55,-49,-56,-51
2026-06-06T19:02:25,5.9231,2.7778,0,-55,-49,-56,-51
2026-06-06T19:02:26,5.9231,2.7778,0,-58,-49,-56,-50
2026-06-06T19:02:27,5.9231,2.7778,0,-58,-49,-56,-50
2026-06-06T19:02:28,5.9231,2.7778,0,-59,-49,-56,-50
2026-06-06T19:02:31,5.3846,2.7778,0,-59,-49,-48,-60
2026-06-06T19:02:32,5.3846,2.7778,0,-51,-49,-52,-60
2026-06-06T19:02:33,5.3846,2.7778,0,-51,-49,-52,-60
2026-06-06T19:02:34,5.3846,2.7778,0,-54,-60,-46,-55
2026-06-06T19:02:35,5.3846,2.7778,0,-54,-60,-46,-55
2026-06-06T19:02:36,5.3846,2.7778,0,-56,-60,-55,-55
2026-06-06T19:02:37,5.3846,2.7778,0,-56,-60,-55,-55
2026-06-06T19:02:38,5.3846,2.7778,0,-56,-60,-55,-55
2026-06-06T19:02:39,5.3846,2.7778,0,-56,-60,-55,-55
2026-06-06T19:02:40,5.3846,2.7778,0,-56,-60,-55,-55
2026-06-06T19:02:43,4.8462,2.7778,0,-48,-55,-42,-45
2026-06-06T19:02:44,4.8462,2.7778,0,-48,-55,-42,-45
2026-06-06T19:02:45,4.8462,2.7778,0,-55,-55,-46,-45
2026-06-06T19:02:46,4.8462,2.7778,0,-55,-55,-46,-45
2026-06-06T19:02:47,4.8462,2.7778,0,-53,-53,-42,-45
2026-06-06T19:02:48,4.8462,2.7778,0,-53,-53,-42,-45
2026-06-06T19:02:49,4.8462,2.7778,0,-53,-53,-42,-45
2026-06-06T19:02:50,4.8462,2.7778,0,-48,-53,-42,-42
2026-06-06T19:02:51,4.8462,2.7778,0,-48,-53,-42,-42
2026-06-06T19:02:52,4.8462,2.7778,0,-55,-44,-51,-42
2026-06-06T19:02:58,4.3077,2.7778,0,-52,-44,-58,-55
2026-06-06T19:02:59,4.3077,2.7778,0,-52,-44,-58,-55
2026-06-06T19:03:00,4.3077,2.7778,0,-53,-44,-46,-45
2026-06-06T19:03:01,4.3077,2.7778,0,-53,-44,-46,-45
2026-06-06T19:03:02,4.3077,2.7778,0,-53,-44,-46,-45
2026-06-06T19:03:03,4.3077,2.7778,0,-53,-44,-46,-45
2026-06-06T19:03:04,4.3077,2.7778,0,-53,-44,-46,-45
2026-06-06T19:03:05,4.3077,2.7778,0,-53,-44,-46,-45
2026-06-06T19:03:06,4.3077,2.7778,0,-53,-44,-46,-45
2026-06-06T19:03:07,4.3077,2.7778,0,-53,-44,-42,-45
2026-06-06T19:03:40,3.7692,2.7778,0,-54,-44,-40,-45
2026-06-06T19:03:41,3.7692,2.7778,0,-54,-44,-40,-45
2026-06-06T19:03:42,3.7692,2.7778,0,-54,-44,-40,-45
2026-06-06T19:03:43,3.7692,2.7778,0,-45,-44,-40,-45
2026-06-06T19:03:44,3.7692,2.7778,0,-45,-44,-40,-45
2026-06-06T19:03:45,3.7692,2.7778,0,-45,-44,-40,-45
2026-06-06T19:03:46,3.7692,2.7778,0,-51,-44,-36,-52
2026-06-06T19:03:46,3.7692,2.7778,0,-51,-44,-36,-52
2026-06-06T19:03:47,3.7692,2.7778,0,-51,-44,-36,-52
2026-06-06T19:03:48,3.7692,2.7778,0,-48,-51,-49,-50
2026-06-06T19:03:58,3.2308,2.7778,0,-59,-51,-51,-58
2026-06-06T19:03:59,3.2308,2.7778,0,-59,-51,-51,-58
2026-06-06T19:04:00,3.2308,2.7778,0,-59,-51,-51,-58
2026-06-06T19:04:01,3.2308,2.7778,0,-59,-58,-51,-40
2026-06-06T19:04:03,3.2308,2.7778,0,-59,-58,-51,-40
2026-06-06T19:04:03,3.2308,2.7778,0,-59,-58,-51,-40
2026-06-06T19:04:05,3.2308,2.7778,0,-55,-58,-43,-56
2026-06-06T19:04:06,3.2308,2.7778,0,-55,-58,-43,-56
2026-06-06T19:04:07,3.2308,2.7778,0,-55,-58,-43,-56
2026-06-06T19:04:08,3.2308,2.7778,0,-55,-58,-43,-56
2026-06-06T19:04:19,2.6923,2.7778,0,-56,-58,-43,-56
2026-06-06T19:04:20,2.6923,2.7778,0,-56,-58,-43,-56
2026-06-06T19:04:21,2.6923,2.7778,0,-56,-58,-43,-56
2026-06-06T19:04:22,2.6923,2.7778,0,-56,-58,-43,-56
2026-06-06T19:04:23,2.6923,2.7778,0,-56,-58,-43,-56
2026-06-06T19:04:24,2.6923,2.7778,0,-56,-58,-43,-56
2026-06-06T19:04:25,2.6923,2.7778,0,-64,-58,-40,-52
2026-06-06T19:04:26,2.6923,2.7778,0,-64,-58,-40,-52
2026-06-06T19:04:27,2.6923,2.7778,0,-46,-49,-40,-53
2026-06-06T19:04:28,2.6923,2.7778,0,-46,-49,-40,-53
2026-06-06T19:04:33,2.1538,2.7778,0,-50,-49,-45,-53
2026-06-06T19:04:34,2.1538,2.7778,0,-50,-49,-45,-46
2026-06-06T19:04:35,2.1538,2.7778,0,-50,-49,-45,-46
2026-06-06T19:04:36,2.1538,2.7778,0,-51,-49,-41,-57
2026-06-06T19:04:37,2.1538,2.7778,0,-51,-49,-41,-57
2026-06-06T19:04:38,2.1538,2.7778,0,-51,-49,-41,-57
2026-06-06T19:04:40,2.1538,2.7778,0,-54,-49,-41,-57
2026-06-06T19:04:41,2.1538,2.7778,0,-54,-49,-41,-57
2026-06-06T19:04:42,2.1538,2.7778,0,-54,-49,-41,-57
2026-06-06T19:04:43,2.1538,2.7778,0,-49,-52,-45,-57
2026-06-06T19:04:48,1.6154,2.7778,0,-47,-67,-45,-53
2026-06-06T19:04:49,1.6154,2.7778,0,-47,-67,-45,-53
2026-06-06T19:04:50,1.6154,2.7778,0,-47,-67,-45,-53
2026-06-06T19:04:51,1.6154,2.7778,0,-47,-57,-41,-64
2026-06-06T19:04:52,1.6154,2.7778,0,-47,-57,-41,-64
2026-06-06T19:04:53,1.6154,2.7778,0,-47,-57,-41,-64
2026-06-06T19:04:54,1.6154,2.7778,0,-47,-57,-41,-64
2026-06-06T19:04:55,1.6154,2.7778,0,-47,-57,-41,-64
2026-06-06T19:04:56,1.6154,2.7778,0,-47,-57,-41,-64
2026-06-06T19:04:57,1.6154,2.7778,0,-48,-63,-51,-64
2026-06-06T19:05:02,1.0769,2.7778,0,-48,-63,-42,-58
2026-06-06T19:05:03,1.0769,2.7778,0,-48,-63,-42,-58
2026-06-06T19:05:04,1.0769,2.7778,0,-48,-63,-42,-58
2026-06-06T19:05:05,1.0769,2.7778,0,-48,-63,-38,-51
2026-06-06T19:05:06,1.0769,2.7778,0,-48,-63,-38,-51
2026-06-06T19:05:07,1.0769,2.7778,0,-48,-63,-38,-51
2026-06-06T19:05:08,1.0769,2.7778,0,-53,-63,-42,-47
2026-06-06T19:05:08,1.0769,2.7778,0,-53,-63,-42,-47
2026-06-06T19:05:09,1.0769,2.7778,0,-53,-63,-42,-47
2026-06-06T19:05:10,1.0769,2.7778,0,-53,-57,-42,-47
2026-06-06T19:05:13,0.5385,2.7778,0,-53,-50,-44,-51
2026-06-06T19:05:14,0.5385,2.7778,0,-53,-50,-44,-51
2026-06-06T19:05:15,0.5385,2.7778,0,-53,-50,-44,-51
2026-06-06T19:05:16,0.5385,2.7778,0,-53,-50,-44,-51
2026-06-06T19:05:17,0.5385,2.7778,0,-53,-50,-44,-51
2026-06-06T19:05:18,0.5385,2.7778,0,-53,-50,-44,-51
2026-06-06T19:05:19,0.5385,2.7778,0,-53,-50,-44,-51
2026-06-06T19:05:20,0.5385,2.7778,0,-53,-50,-44,-51
2026-06-06T19:05:21,0.5385,2.7778,0,-53,-50,-44,-51
2026-06-06T19:05:22,0.5385,2.7778,0,-53,-50,-44,-51
2026-06-06T19:05:26,0,2.7778,0,-51,-50,-38,-51
2026-06-06T19:05:27,0,2.7778,0,-51,-50,-38,-51
2026-06-06T19:05:28,0,2.7778,0,-51,-50,-38,-51
2026-06-06T19:05:29,0,2.7778,0,-49,-50,-44,-51
2026-06-06T19:05:30,0,2.7778,0,-49,-50,-44,-51
2026-06-06T19:05:31,0,2.7778,0,-49,-50,-44,-51
2026-06-06T19:05:32,0,2.7778,0,-50,-50,-44,-52
2026-06-06T19:05:33,0,2.7778,0,-50,-50,-44,-52
2026-06-06T19:05:34,0,2.7778,0,-50,-50,-44,-52
2026-06-06T19:05:35,0,2.7778,0,-47,-50,-44,-52
2026-06-06T19:05:47,0,3.3333,0,-54,-50,-49,-59
2026-06-06T19:05:48,0,3.3333,0,-54,-50,-49,-59
2026-06-06T19:05:49,0,3.3333,0,-54,-50,-49,-59
2026-06-06T19:05:50,0,3.3333,0,-56,-59,-49,-49
2026-06-06T19:05:51,0,3.3333,0,-56,-59,-49,-49
2026-06-06T19:05:52,0,3.3333,0,-56,-59,-49,-49
2026-06-06T19:05:53,0,3.3333,0,-58,-59,-36,-59
2026-06-06T19:05:54,0,3.3333,0,-58,-59,-36,-59
2026-06-06T19:05:54,0,3.3333,0,-58,-59,-36,-59
2026-06-06T19:05:55,0,3.3333,0,-58,-59,-36,-59
2026-06-06T19:06:02,0.5385,3.3333,0,-58,-59,-41,-59
2026-06-06T19:06:02,0.5385,3.3333,0,-58,-59,-41,-59
2026-06-06T19:06:03,0.5385,3.3333,0,-58,-59,-41,-59
2026-06-06T19:06:04,0.5385,3.3333,0,-55,-59,-55,-59
2026-06-06T19:06:05,0.5385,3.3333,0,-55,-59,-55,-59
2026-06-06T19:06:06,0.5385,3.3333,0,-50,-59,-38,-59
2026-06-06T19:06:07,0.5385,3.3333,0,-50,-59,-38,-59
2026-06-06T19:06:08,0.5385,3.3333,0,-48,-59,-38,-59
2026-06-06T19:06:08,0.5385,3.3333,0,-48,-59,-38,-59
2026-06-06T19:06:09,0.5385,3.3333,0,-48,-59,-38,-59
2026-06-06T19:06:17,1.0769,3.3333,0,-50,-59,-41,-59
2026-06-06T19:06:18,1.0769,3.3333,0,-50,-59,-41,-59
2026-06-06T19:06:18,1.0769,3.3333,0,-50,-59,-41,-59
2026-06-06T19:06:19,1.0769,3.3333,0,-50,-59,-34,-59
2026-06-06T19:06:20,1.0769,3.3333,0,-50,-59,-34,-59
2026-06-06T19:06:21,1.0769,3.3333,0,-50,-59,-34,-59
2026-06-06T19:06:22,1.0769,3.3333,0,-50,-59,-34,-59
2026-06-06T19:06:23,1.0769,3.3333,0,-50,-59,-34,-59
2026-06-06T19:06:24,1.0769,3.3333,0,-50,-59,-38,-59
2026-06-06T19:06:24,1.0769,3.3333,0,-50,-59,-38,-59
2026-06-06T19:06:32,1.6154,3.3333,0,-50,-59,-42,-59
2026-06-06T19:06:33,1.6154,3.3333,0,-50,-59,-42,-59
2026-06-06T19:06:34,1.6154,3.3333,0,-50,-59,-42,-59
2026-06-06T19:06:35,1.6154,3.3333,0,-46,-59,-42,-59
2026-06-06T19:06:35,1.6154,3.3333,0,-46,-59,-42,-59
2026-06-06T19:06:36,1.6154,3.3333,0,-46,-59,-42,-59
2026-06-06T19:06:37,1.6154,3.3333,0,-49,-59,-35,-59
2026-06-06T19:06:38,1.6154,3.3333,0,-49,-59,-35,-59
2026-06-06T19:06:39,1.6154,3.3333,0,-49,-59,-35,-59
2026-06-06T19:06:40,1.6154,3.3333,0,-49,-59,-35,-59
2026-06-06T19:06:48,2.1538,3.3333,0,-49,-59,-42,-59
2026-06-06T19:06:49,2.1538,3.3333,0,-49,-59,-42,-59
2026-06-06T19:06:50,2.1538,3.3333,0,-49,-59,-42,-59
2026-06-06T19:06:51,2.1538,3.3333,0,-49,-59,-42,-59
2026-06-06T19:06:52,2.1538,3.3333,0,-44,-59,-50,-59
2026-06-06T19:06:53,2.1538,3.3333,0,-44,-59,-50,-59
2026-06-06T19:06:54,2.1538,3.3333,0,-44,-59,-50,-59
2026-06-06T19:06:55,2.1538,3.3333,0,-44,-59,-45,-59
2026-06-06T19:06:56,2.1538,3.3333,0,-44,-59,-45,-59
2026-06-06T19:06:56,2.1538,3.3333,0,-44,-59,-45,-59
2026-06-06T19:07:53,2.6923,3.3333,0,-49,,-48,-49
2026-06-06T19:07:53,2.6923,3.3333,0,-49,-56,-48,-49
2026-06-06T19:07:54,2.6923,3.3333,0,-49,-56,-48,-49
2026-06-06T19:07:55,2.6923,3.3333,0,-48,-60,-41,-60
2026-06-06T19:07:56,2.6923,3.3333,0,-48,-60,-41,-60
2026-06-06T19:07:57,2.6923,3.3333,0,-48,-54,-40,-60
2026-06-06T19:07:58,2.6923,3.3333,0,-47,-59,-47,-48
2026-06-06T19:07:59,2.6923,3.3333,0,-47,-59,-47,-48
2026-06-06T19:08:00,2.6923,3.3333,0,-47,-59,-47,-48
2026-06-06T19:08:01,2.6923,3.3333,0,-47,-59,-47,-48
2026-06-06T19:08:11,3.2308,3.3333,0,-47,-59,-47,-48
2026-06-06T19:08:12,3.2308,3.3333,0,-47,-59,-43,-43
2026-06-06T19:08:13,3.2308,3.3333,0,-47,-59,-43,-43
2026-06-06T19:08:14,3.2308,3.3333,0,-47,-59,-43,-43
2026-06-06T19:08:15,3.2308,3.3333,0,-47,-59,-43,-43
2026-06-06T19:08:16,3.2308,3.3333,0,-47,-59,-43,-43
2026-06-06T19:08:17,3.2308,3.3333,0,-47,-59,-43,-43
2026-06-06T19:08:18,3.2308,3.3333,0,-64,-53,-37,-60
2026-06-06T19:08:19,3.2308,3.3333,0,-64,-53,-37,-60
2026-06-06T19:08:20,3.2308,3.3333,0,-64,-53,-37,-60
2026-06-06T19:08:28,3.7692,3.3333,0,-52,-50,-52,-49
2026-06-06T19:08:29,3.7692,3.3333,0,-47,-47,-50,-44
2026-06-06T19:08:30,3.7692,3.3333,0,-47,-47,-50,-44
2026-06-06T19:08:31,3.7692,3.3333,0,-47,-47,-43,-44
2026-06-06T19:08:32,3.7692,3.3333,0,-47,-47,-43,-44
2026-06-06T19:08:33,3.7692,3.3333,0,-47,-47,-43,-44
2026-06-06T19:08:34,3.7692,3.3333,0,-47,-47,-43,-44
2026-06-06T19:08:35,3.7692,3.3333,0,-47,-47,-43,-44
2026-06-06T19:08:36,3.7692,3.3333,0,-48,-47,-57,-45
2026-06-06T19:08:37,3.7692,3.3333,0,-48,-47,-57,-45
2026-06-06T19:08:43,4.3077,3.3333,0,-54,-47,-57,-45
2026-06-06T19:08:44,4.3077,3.3333,0,-56,-53,-50,-49
2026-06-06T19:08:45,4.3077,3.3333,0,-56,-53,-50,-49
2026-06-06T19:08:46,4.3077,3.3333,0,-56,-53,-50,-49
2026-06-06T19:08:47,4.3077,3.3333,0,-56,-53,-48,-55
2026-06-06T19:08:48,4.3077,3.3333,0,-56,-53,-48,-55
2026-06-06T19:08:49,4.3077,3.3333,0,-54,-53,-53,-55
2026-06-06T19:08:50,4.3077,3.3333,0,-54,-63,-53,-55
2026-06-06T19:08:51,4.3077,3.3333,0,-52,-47,-52,-52
2026-06-06T19:08:52,4.3077,3.3333,0,-52,-47,-52,-52
2026-06-06T19:08:57,4.8462,3.3333,0,-56,-47,-49,-48
2026-06-06T19:08:58,4.8462,3.3333,0,-56,-47,-49,-48
2026-06-06T19:08:59,4.8462,3.3333,0,-56,-47,-49,-48
2026-06-06T19:09:01,4.8462,3.3333,0,-48,-52,-39,-43
2026-06-06T19:09:02,4.8462,3.3333,0,-48,-52,-39,-43
2026-06-06T19:09:03,4.8462,3.3333,0,-47,-57,-51,-45
2026-06-06T19:09:04,4.8462,3.3333,0,-47,-57,-51,-45
2026-06-06T19:09:05,4.8462,3.3333,0,-56,-48,-51,-48
2026-06-06T19:09:06,4.8462,3.3333,0,-56,-48,-51,-48
2026-06-06T19:09:07,4.8462,3.3333,0,-48,-57,-44,-48
2026-06-06T19:09:12,5.3846,3.3333,0,-53,-45,-48,-53
2026-06-06T19:09:13,5.3846,3.3333,0,-53,-45,-48,-53
2026-06-06T19:09:14,5.3846,3.3333,0,-61,-52,-52,-46
2026-06-06T19:09:15,5.3846,3.3333,0,-61,-52,-52,-46
2026-06-06T19:09:16,5.3846,3.3333,0,-66,-49,-49,-56
2026-06-06T19:09:17,5.3846,3.3333,0,-66,-49,-49,-56
2026-06-06T19:09:18,5.3846,3.3333,0,-49,-54,-44,-56
2026-06-06T19:09:19,5.3846,3.3333,0,-49,-54,-44,-56
2026-06-06T19:09:20,5.3846,3.3333,0,-49,-54,-44,-56
2026-06-06T19:09:21,5.3846,3.3333,0,-61,-54,-44,-56
2026-06-06T19:09:28,5.9231,3.3333,0,-60,-53,-49,-57
2026-06-06T19:09:29,5.9231,3.3333,0,-60,-53,-49,-57
2026-06-06T19:09:30,5.9231,3.3333,0,-51,-42,-47,-57
2026-06-06T19:09:31,5.9231,3.3333,0,-51,-42,-47,-57
2026-06-06T19:09:32,5.9231,3.3333,0,-62,-49,-44,-57
2026-06-06T19:09:33,5.9231,3.3333,0,-62,-49,-44,-57
2026-06-06T19:09:34,5.9231,3.3333,0,-63,-56,-42,-47
2026-06-06T19:09:35,5.9231,3.3333,0,-63,-56,-42,-47
2026-06-06T19:09:36,5.9231,3.3333,0,-59,-56,-49,-51
2026-06-06T19:09:37,5.9231,3.3333,0,-59,-56,-49,-51
2026-06-06T19:09:44,6.4615,3.3333,0,-55,-52,-43,-51
2026-06-06T19:09:45,6.4615,3.3333,0,-55,-52,-43,-51
2026-06-06T19:09:46,6.4615,3.3333,0,-56,-51,-44,-45
2026-06-06T19:09:47,6.4615,3.3333,0,-57,-59,-47,-39
2026-06-06T19:09:48,6.4615,3.3333,0,-57,-59,-47,-39
2026-06-06T19:09:49,6.4615,3.3333,0,-57,-55,-40,-42
2026-06-06T19:09:50,6.4615,3.3333,0,-57,-55,-40,-42
2026-06-06T19:09:51,6.4615,3.3333,0,-59,-55,-57,-42
2026-06-06T19:09:52,6.4615,3.3333,0,-59,-60,-57,-42
2026-06-06T19:09:53,6.4615,3.3333,0,-53,-60,-48,-43
2026-06-06T19:09:57,7,3.3333,0,-57,-60,-50,-35
2026-06-06T19:09:58,7,3.3333,0,-57,-60,-50,-35
2026-06-06T19:09:59,7,3.3333,0,-60,-63,-47,-39
2026-06-06T19:10:00,7,3.3333,0,-60,-63,-47,-39
2026-06-06T19:10:01,7,3.3333,0,-50,-63,-43,-34
2026-06-06T19:10:02,7,3.3333,0,-50,-63,-43,-34
2026-06-06T19:10:03,7,3.3333,0,-55,-55,-51,-48
2026-06-06T19:10:04,7,3.3333,0,-55,-55,-51,-48
2026-06-06T19:10:05,7,3.3333,0,-54,-55,-51,-48
2026-06-06T19:10:06,7,3.3333,0,-54,-55,-51,-48
2026-06-06T19:10:10,7,3.8889,0,-53,-55,-51,-41
2026-06-06T19:10:11,7,3.8889,0,-53,-55,-51,-41
2026-06-06T19:10:13,7,3.8889,0,-62,-55,-49,-36
2026-06-06T19:10:14,7,3.8889,0,-62,-55,-49,-36
2026-06-06T19:10:15,7,3.8889,0,-60,-55,-49,-36
2026-06-06T19:10:16,7,3.8889,0,-60,-55,-49,-36
2026-06-06T19:10:17,7,3.8889,0,-56,-51,-55,-36
2026-06-06T19:10:18,7,3.8889,0,-56,-51,-55,-36
2026-06-06T19:10:19,7,3.8889,0,-51,-51,-46,-40
2026-06-06T19:10:20,7,3.8889,0,-51,-51,-46,-40
2026-06-06T19:10:24,6.4615,3.8889,0,-50,-51,-57,-40
2026-06-06T19:10:25,6.4615,3.8889,0,-50,-51,-57,-40
2026-06-06T19:10:26,6.4615,3.8889,0,-50,-51,-50,-37
2026-06-06T19:10:27,6.4615,3.8889,0,-50,-51,-50,-37
2026-06-06T19:10:28,6.4615,3.8889,0,-50,-51,-50,-37
2026-06-06T19:10:29,6.4615,3.8889,0,-50,-51,-44,-37
2026-06-06T19:10:30,6.4615,3.8889,0,-50,-51,-44,-37
2026-06-06T19:10:31,6.4615,3.8889,0,-57,-51,-47,-37
2026-06-06T19:10:32,6.4615,3.8889,0,-57,-51,-47,-37
2026-06-06T19:10:33,6.4615,3.8889,0,-51,-51,-47,-37
2026-06-06T19:10:37,5.9231,3.8889,0,-51,-51,-46,-46
2026-06-06T19:10:38,5.9231,3.8889,0,-51,-51,-46,-46
2026-06-06T19:10:39,5.9231,3.8889,0,-52,-51,-46,-46
2026-06-06T19:10:40,5.9231,3.8889,0,-52,-51,-46,-51
2026-06-06T19:10:41,5.9231,3.8889,0,-53,-51,-46,-51
2026-06-06T19:10:42,5.9231,3.8889,0,-53,-49,-47,-41
2026-06-06T19:10:43,5.9231,3.8889,0,-51,-46,-41,-41
2026-06-06T19:10:44,5.9231,3.8889,0,-51,-46,-41,-41
2026-06-06T19:10:45,5.9231,3.8889,0,-51,-46,-41,-41
2026-06-06T19:10:46,5.9231,3.8889,0,-51,-46,-41,-41
2026-06-06T19:10:49,5.3846,3.8889,0,-48,-64,-36,-41
2026-06-06T19:10:50,5.3846,3.8889,0,-64,-64,-36,-41
2026-06-06T19:10:51,5.3846,3.8889,0,-55,-64,-36,-41
2026-06-06T19:10:52,5.3846,3.8889,0,-55,-64,-36,-41
2026-06-06T19:10:53,5.3846,3.8889,0,-49,-64,-42,-41
2026-06-06T19:10:54,5.3846,3.8889,0,-49,-64,-42,-41
2026-06-06T19:10:55,5.3846,3.8889,0,-49,-64,-43,-41
2026-06-06T19:10:56,5.3846,3.8889,0,-49,-64,-43,-41
2026-06-06T19:10:57,5.3846,3.8889,0,-49,-64,-49,-41
2026-06-06T19:10:58,5.3846,3.8889,0,-49,-64,-49,-41
2026-06-06T19:11:01,4.8462,3.8889,0,-49,-64,-49,-41
2026-06-06T19:11:02,4.8462,3.8889,0,-58,-64,-49,-41
2026-06-06T19:11:03,4.8462,3.8889,0,-58,-64,-49,-41
2026-06-06T19:11:04,4.8462,3.8889,0,-58,-64,-49,-41
2026-06-06T19:11:05,4.8462,3.8889,0,-58,-64,-49,-41
2026-06-06T19:11:06,4.8462,3.8889,0,-53,-64,-54,-48
2026-06-06T19:11:07,4.8462,3.8889,0,-53,-64,-54,-48
2026-06-06T19:11:08,4.8462,3.8889,0,-49,-64,-61,-48
2026-06-06T19:11:09,4.8462,3.8889,0,-49,-64,-61,-48
2026-06-06T19:11:10,4.8462,3.8889,0,-53,-62,-34,-52
2026-06-06T19:11:13,4.3077,3.8889,0,-53,-53,-34,-54
2026-06-06T19:11:14,4.3077,3.8889,0,-46,-53,-46,-57
2026-06-06T19:11:15,4.3077,3.8889,0,-46,-53,-46,-57
2026-06-06T19:11:17,4.3077,3.8889,0,-46,-54,-46,-47
2026-06-06T19:11:18,4.3077,3.8889,0,-46,-54,-46,-47
2026-06-06T19:11:19,4.3077,3.8889,0,-53,-54,-46,-49
2026-06-06T19:11:20,4.3077,3.8889,0,-53,-54,-46,-49
2026-06-06T19:11:21,4.3077,3.8889,0,-58,-54,-54,-48
2026-06-06T19:11:22,4.3077,3.8889,0,-58,-54,-54,-48
2026-06-06T19:11:23,4.3077,3.8889,0,-58,-54,-43,-44
2026-06-06T19:11:26,3.7692,3.8889,0,-52,-52,-43,-53
2026-06-06T19:11:27,3.7692,3.8889,0,-52,-52,-43,-61
2026-06-06T19:11:28,3.7692,3.8889,0,-52,-52,-43,-61
2026-06-06T19:11:29,3.7692,3.8889,0,-54,-52,-47,-61
2026-06-06T19:11:30,3.7692,3.8889,0,-54,-52,-47,-61
2026-06-06T19:11:32,3.7692,3.8889,0,-52,-57,-47,-61
2026-06-06T19:11:33,3.7692,3.8889,0,-52,-57,-47,-61
2026-06-06T19:11:34,3.7692,3.8889,0,-56,-48,-47,-53
2026-06-06T19:11:35,3.7692,3.8889,0,-56,-48,-47,-53
2026-06-06T19:11:36,3.7692,3.8889,0,-48,-48,-40,-53
2026-06-06T19:11:40,3.2308,3.8889,0,-48,-48,-43,-53
2026-06-06T19:11:41,3.2308,3.8889,0,-48,-48,-43,-53
2026-06-06T19:11:42,3.2308,3.8889,0,-68,-48,-43,-53
2026-06-06T19:11:43,3.2308,3.8889,0,-68,-48,-43,-53
2026-06-06T19:11:44,3.2308,3.8889,0,-68,-52,-43,-53
2026-06-06T19:11:45,3.2308,3.8889,0,-68,-52,-43,-53
2026-06-06T19:11:46,3.2308,3.8889,0,-58,-52,-49,-53
2026-06-06T19:11:47,3.2308,3.8889,0,-58,-52,-49,-53
2026-06-06T19:11:49,3.2308,3.8889,0,-58,-52,-45,-54
2026-06-06T19:11:50,3.2308,3.8889,0,-58,-52,-45,-54
2026-06-06T19:11:54,2.6923,3.8889,0,-58,-52,-45,-53
2026-06-06T19:11:55,2.6923,3.8889,0,-58,-52,-45,-53
2026-06-06T19:11:57,2.6923,3.8889,0,-58,-52,-46,-53
2026-06-06T19:11:58,2.6923,3.8889,0,-58,-52,-46,-53
2026-06-06T19:11:59,2.6923,3.8889,0,-58,-52,-46,-53
2026-06-06T19:12:00,2.6923,3.8889,0,-58,-52,-46,-53
2026-06-06T19:12:01,2.6923,3.8889,0,-58,-52,-46,-53
2026-06-06T19:12:02,2.6923,3.8889,0,-58,-52,-46,-53
2026-06-06T19:12:03,2.6923,3.8889,0,-58,-49,-46,-53
2026-06-06T19:12:04,2.6923,3.8889,0,-58,-49,-46,-53
2026-06-06T19:12:07,2.1538,3.8889,0,-45,-46,-40,-53
2026-06-06T19:12:08,2.1538,3.8889,0,-44,-46,-36,-53
2026-06-06T19:12:09,2.1538,3.8889,0,-44,-46,-36,-53
2026-06-06T19:12:10,2.1538,3.8889,0,-51,-46,-50,-53
2026-06-06T19:12:11,2.1538,3.8889,0,-51,-46,-50,-53
2026-06-06T19:12:12,2.1538,3.8889,0,-45,-58,-50,-53
2026-06-06T19:12:13,2.1538,3.8889,0,-45,-58,-50,-53
2026-06-06T19:12:15,2.1538,3.8889,0,-45,-58,-50,-53
2026-06-06T19:12:16,2.1538,3.8889,0,-45,-58,-50,-53
2026-06-06T19:12:17,2.1538,3.8889,0,-45,-58,-50,-53
2026-06-06T19:12:23,1.6154,3.8889,0,-54,-58,-36,-53
2026-06-06T19:12:24,1.6154,3.8889,0,-54,-58,-36,-53
2026-06-06T19:12:25,1.6154,3.8889,0,-54,-54,-36,-53
2026-06-06T19:12:26,1.6154,3.8889,0,-54,-61,-36,-53
2026-06-06T19:12:27,1.6154,3.8889,0,-54,-66,-36,-68
2026-06-06T19:12:28,1.6154,3.8889,0,-54,-66,-36,-68
2026-06-06T19:12:30,1.6154,3.8889,0,-51,-66,-49,-68
2026-06-06T19:12:31,1.6154,3.8889,0,-51,-66,-49,-68
2026-06-06T19:12:32,1.6154,3.8889,0,-54,-54,-49,-53
2026-06-06T19:12:33,1.6154,3.8889,0,-54,-54,-49,-53
2026-06-06T19:12:35,1.0769,3.8889,0,-43,-54,-46,-53
2026-06-06T19:12:36,1.0769,3.8889,0,-43,-54,-46,-53
2026-06-06T19:12:37,1.0769,3.8889,0,-53,-48,-37,-53
2026-06-06T19:12:38,1.0769,3.8889,0,-53,-48,-37,-53
2026-06-06T19:12:39,1.0769,3.8889,0,-53,-48,-37,-53
2026-06-06T19:12:40,1.0769,3.8889,0,-53,-48,-37,-53
2026-06-06T19:12:42,1.0769,3.8889,0,-53,-48,-37,-53
2026-06-06T19:12:43,1.0769,3.8889,0,-43,-51,-40,-42
2026-06-06T19:12:44,1.0769,3.8889,0,-43,-51,-40,-42
2026-06-06T19:12:45,1.0769,3.8889,0,-50,-51,-43,-67
2026-06-06T19:12:50,0.5385,3.8889,0,-61,-51,-42,-67
2026-06-06T19:12:51,0.5385,3.8889,0,-61,-51,-42,-67
2026-06-06T19:12:52,0.5385,3.8889,0,-48,-51,-42,-67
2026-06-06T19:12:53,0.5385,3.8889,0,-48,-61,-42,-67
2026-06-06T19:12:55,0.5385,3.8889,0,-48,-61,-42,-67
2026-06-06T19:12:56,0.5385,3.8889,0,-48,-61,-42,-67
2026-06-06T19:12:57,0.5385,3.8889,0,-48,-61,-42,-67
2026-06-06T19:12:58,0.5385,3.8889,0,-48,-61,-42,-67
2026-06-06T19:12:59,0.5385,3.8889,0,-46,-61,-33,-67
2026-06-06T19:13:00,0.5385,3.8889,0,-46,-61,-33,-67
2026-06-06T19:13:03,0,3.8889,0,-46,-61,-33,-67
2026-06-06T19:13:04,0,3.8889,0,-46,-61,-33,-67
2026-06-06T19:13:05,0,3.8889,0,-46,-61,-33,-67
2026-06-06T19:13:06,0,3.8889,0,-57,-59,-29,-65
2026-06-06T19:13:07,0,3.8889,0,-57,-59,-29,-65
2026-06-06T19:13:08,0,3.8889,0,-57,-59,-29,-65
2026-06-06T19:13:10,0,3.8889,0,-50,-52,-29,-65
2026-06-06T19:13:11,0,3.8889,0,-50,-52,-29,-65
2026-06-06T19:13:12,0,3.8889,0,-57,-52,-25,-65
2026-06-06T19:13:13,0,3.8889,0,-57,-52,-25,-65
2026-06-06T19:13:14,0,4.4444,0,-57,-52,-25,-65
2026-06-06T19:13:15,0,4.4444,0,-57,-56,-25,-63
2026-06-06T19:13:16,0,4.4444,0,-57,-56,-25,-63
2026-06-06T19:13:17,0,4.4444,0,-57,-54,-25,-63
2026-06-06T19:13:18,0,4.4444,0,-57,-54,-25,-63
2026-06-06T19:13:19,0,4.4444,0,-57,-54,-25,-63
2026-06-06T19:13:20,0,4.4444,0,-57,-54,-25,-63
2026-06-06T19:13:21,0,4.4444,0,-57,-54,-25,-63
2026-06-06T19:13:22,0,4.4444,0,-50,-54,-28,-63
2026-06-06T19:13:23,0,4.4444,0,-50,-54,-28,-63
2026-06-06T19:13:27,0.5385,4.4444,0,-50,-61,-28,-65
2026-06-06T19:13:28,0.5385,4.4444,0,-50,-61,-28,-65
2026-06-06T19:13:29,0.5385,4.4444,0,-60,-61,-30,-65
2026-06-06T19:13:30,0.5385,4.4444,0,-60,-61,-30,-65
2026-06-06T19:13:31,0.5385,4.4444,0,-60,-61,-30,-65
2026-06-06T19:13:32,0.5385,4.4444,0,-58,-78,-47,-63
2026-06-06T19:13:33,0.5385,4.4444,0,-58,-78,-47,-63
2026-06-06T19:13:34,0.5385,4.4444,0,-58,-78,-47,-63
2026-06-06T19:13:35,0.5385,4.4444,0,-57,-70,-47,-63
2026-06-06T19:13:36,0.5385,4.4444,0,-57,-70,-47,-63
2026-06-06T19:13:39,1.0769,4.4444,0,-64,-63,-39,-62
2026-06-06T19:13:40,1.0769,4.4444,0,-64,-63,-39,-62
2026-06-06T19:13:41,1.0769,4.4444,0,-64,-63,-39,-62
2026-06-06T19:13:42,1.0769,4.4444,0,-64,-63,-39,-62
2026-06-06T19:13:43,1.0769,4.4444,0,-64,-63,-39,-62
2026-06-06T19:13:44,1.0769,4.4444,0,-64,-63,-39,-62
2026-06-06T19:13:45,1.0769,4.4444,0,-64,-63,-39,-62
2026-06-06T19:13:46,1.0769,4.4444,0,-64,-63,-39,-62
2026-06-06T19:13:47,1.0769,4.4444,0,-64,-63,-49,-69
2026-06-06T19:13:48,1.0769,4.4444,0,-64,-63,-49,-69
2026-06-06T19:13:51,1.6154,4.4444,0,-64,-63,-39,-69
2026-06-06T19:13:52,1.6154,4.4444,0,-64,-63,-39,-69
2026-06-06T19:13:53,1.6154,4.4444,0,-64,-63,-39,-69
2026-06-06T19:13:54,1.6154,4.4444,0,-59,-63,-52,-69
2026-06-06T19:13:55,1.6154,4.4444,0,-59,-63,-52,-65
2026-06-06T19:13:56,1.6154,4.4444,0,-59,-63,-52,-65
2026-06-06T19:13:57,1.6154,4.4444,0,-59,-65,-52,-65
2026-06-06T19:13:58,1.6154,4.4444,0,-59,-65,-52,-65
2026-06-06T19:13:59,1.6154,4.4444,0,-59,-65,-52,-65
2026-06-06T19:14:00,1.6154,4.4444,0,-59,-65,-52,-65
2026-06-06T19:14:03,2.1538,4.4444,0,-54,-65,-52,-65
2026-06-06T19:14:04,2.1538,4.4444,0,-54,-65,-52,-65
2026-06-06T19:14:05,2.1538,4.4444,0,-54,-65,-52,-65
2026-06-06T19:14:06,2.1538,4.4444,0,-54,-70,-52,-65
2026-06-06T19:14:07,2.1538,4.4444,0,-54,-70,-52,-65
2026-06-06T19:14:08,2.1538,4.4444,0,-54,-70,-52,-65
2026-06-06T19:14:09,2.1538,4.4444,0,-54,-70,-40,-57
2026-06-06T19:14:10,2.1538,4.4444,0,-54,-70,-40,-57
2026-06-06T19:14:11,2.1538,4.4444,0,-54,-70,-40,-57
2026-06-06T19:14:12,2.1538,4.4444,0,-65,-61,-40,-73
2026-06-06T19:14:17,2.6923,4.4444,0,-65,-51,-40,-73
2026-06-06T19:14:18,2.6923,4.4444,0,-65,-51,-40,-73
2026-06-06T19:14:19,2.6923,4.4444,0,-65,-51,-40,-73
2026-06-06T19:14:20,2.6923,4.4444,0,-65,-68,-55,-73
2026-06-06T19:14:21,2.6923,4.4444,0,-65,-68,-55,-73
2026-06-06T19:14:22,2.6923,4.4444,0,-65,-68,-55,-73
2026-06-06T19:14:23,2.6923,4.4444,0,-57,-60,-47,-52
2026-06-06T19:14:24,2.6923,4.4444,0,-57,-60,-47,-52
2026-06-06T19:14:25,2.6923,4.4444,0,-57,-60,-47,-52
2026-06-06T19:14:25,2.6923,4.4444,0,-57,-63,-47,-79
2026-06-06T19:14:31,3.2308,4.4444,0,-57,-63,-46,-79
2026-06-06T19:14:32,3.2308,4.4444,0,-57,-63,-46,-79
2026-06-06T19:14:33,3.2308,4.4444,0,-57,-63,-46,-79
2026-06-06T19:14:34,3.2308,4.4444,0,-57,-63,-46,-66
2026-06-06T19:14:34,3.2308,4.4444,0,-57,-63,-46,-66
2026-06-06T19:14:35,3.2308,4.4444,0,-57,-63,-46,-66
2026-06-06T19:14:36,3.2308,4.4444,0,-57,-63,-47,-66
2026-06-06T19:14:37,3.2308,4.4444,0,-57,-63,-47,-66
2026-06-06T19:14:38,3.2308,4.4444,0,-57,-63,-47,-66
2026-06-06T19:14:39,3.2308,4.4444,0,-59,-66,-61,-67
2026-06-06T19:14:44,3.7692,4.4444,0,-50,-66,-51,-67
2026-06-06T19:14:45,3.7692,4.4444,0,-50,-66,-51,-67
2026-06-06T19:14:46,3.7692,4.4444,0,-50,-69,-51,-51
2026-06-06T19:14:47,3.7692,4.4444,0,-50,-69,-51,-51
2026-06-06T19:14:48,3.7692,4.4444,0,-62,-67,-51,-51
2026-06-06T19:14:48,3.7692,4.4444,0,-50,-67,-45,-51
2026-06-06T19:14:49,3.7692,4.4444,0,-50,-67,-45,-51
2026-06-06T19:14:50,3.7692,4.4444,0,-50,-67,-45,-51
2026-06-06T19:14:51,3.7692,4.4444,0,-55,-67,-38,-51
2026-06-06T19:14:52,3.7692,4.4444,0,-55,-67,-38,-51
2026-06-06T19:14:58,4.3077,4.4444,0,-61,-67,-46,-51
2026-06-06T19:14:59,4.3077,4.4444,0,-61,-67,-46,-51
2026-06-06T19:15:00,4.3077,4.4444,0,-54,-58,-46,-58
2026-06-06T19:15:01,4.3077,4.4444,0,-54,-58,-46,-58
2026-06-06T19:15:02,4.3077,4.4444,0,-54,-70,-46,-56
2026-06-06T19:15:03,4.3077,4.4444,0,-54,-70,-46,-56
2026-06-06T19:15:04,4.3077,4.4444,0,-50,-60,-45,-56
2026-06-06T19:15:05,4.3077,4.4444,0,-50,-60,-45,-56
2026-06-06T19:15:06,4.3077,4.4444,0,-62,-60,-51,-56
2026-06-06T19:15:07,4.3077,4.4444,0,-62,-60,-51,-56
2026-06-06T19:15:15,4.8462,4.4444,0,-62,-60,-61,-56
2026-06-06T19:15:16,4.8462,4.4444,0,-62,-60,-61,-56
2026-06-06T19:15:17,4.8462,4.4444,0,-62,-51,-61,-56
2026-06-06T19:15:18,4.8462,4.4444,0,-62,-51,-61,-56
2026-06-06T19:15:19,4.8462,4.4444,0,-59,-53,-51,-56
2026-06-06T19:15:20,4.8462,4.4444,0,-59,-53,-51,-56
2026-06-06T19:15:21,4.8462,4.4444,0,-59,-53,-51,-56
2026-06-06T19:15:22,4.8462,4.4444,0,-59,-53,-51,-56
2026-06-06T19:15:23,4.8462,4.4444,0,-51,-53,-51,-56
2026-06-06T19:15:24,4.8462,4.4444,0,-51,-53,-51,-56
2026-06-06T19:15:40,5.3846,4.4444,0,-57,-53,-51,-56
2026-06-06T19:15:41,5.3846,4.4444,0,-57,-53,-51,-56
2026-06-06T19:15:42,5.3846,4.4444,0,-57,-53,-51,-56
2026-06-06T19:15:43,5.3846,4.4444,0,-57,-53,-51,-56
2026-06-06T19:15:44,5.3846,4.4444,0,-57,-53,-51,-40
2026-06-06T19:15:45,5.3846,4.4444,0,-57,-53,-51,-40
2026-06-06T19:15:46,5.3846,4.4444,0,-58,-53,-51,-40
2026-06-06T19:15:47,5.3846,4.4444,0,-58,-53,-51,-40
2026-06-06T19:15:48,5.3846,4.4444,0,-57,-51,-51,-40
2026-06-06T19:15:49,5.3846,4.4444,0,-57,-51,-56,-41
2026-06-06T19:15:54,5.9231,4.4444,0,-52,-51,-45,-41
2026-06-06T19:15:55,5.9231,4.4444,0,-52,-51,-45,-41
2026-06-06T19:15:56,5.9231,4.4444,0,-52,-51,-45,-50
2026-06-06T19:15:57,5.9231,4.4444,0,-52,-51,-45,-50
2026-06-06T19:15:58,5.9231,4.4444,0,-52,-48,-45,-50
2026-06-06T19:15:59,5.9231,4.4444,0,-52,-48,-45,-50
2026-06-06T19:16:00,5.9231,4.4444,0,-53,-47,-51,-50
2026-06-06T19:16:01,5.9231,4.4444,0,-53,-47,-51,-50
2026-06-06T19:16:02,5.9231,4.4444,0,-53,-47,-53,-50
2026-06-06T19:16:03,5.9231,4.4444,0,-53,-47,-45,-50
2026-06-06T19:16:06,6.4615,4.4444,0,-69,-58,-52,-50
2026-06-06T19:16:07,6.4615,4.4444,0,-69,-58,-52,-50
2026-06-06T19:16:08,6.4615,4.4444,0,-52,-49,-56,-50
2026-06-06T19:16:09,6.4615,4.4444,0,-52,-49,-56,-50
2026-06-06T19:16:10,6.4615,4.4444,0,-52,-54,-56,-50
2026-06-06T19:16:11,6.4615,4.4444,0,-52,-54,-56,-50
2026-06-06T19:16:12,6.4615,4.4444,0,-53,-54,-47,-50
2026-06-06T19:16:13,6.4615,4.4444,0,-53,-54,-47,-50
2026-06-06T19:16:14,6.4615,4.4444,0,-53,-54,-47,-50
2026-06-06T19:16:16,6.4615,4.4444,0,-53,-54,-47,-50
2026-06-06T19:16:30,7,4.4444,0,-52,-56,-52,-50
2026-06-06T19:16:31,7,4.4444,0,-52,-56,-52,-50
2026-06-06T19:16:32,7,4.4444,0,-52,-56,-52,-38
2026-06-06T19:16:33,7,4.4444,0,-52,-56,-52,-38
2026-06-06T19:16:34,7,4.4444,0,-52,-60,-52,-38
2026-06-06T19:16:35,7,4.4444,0,-52,-60,-52,-38
2026-06-06T19:16:36,7,4.4444,0,-77,-71,-67,-50
2026-06-06T19:16:37,7,4.4444,0,-77,-71,-67,-50
2026-06-06T19:16:39,7,4.4444,0,-77,-68,-45,-50
2026-06-06T19:16:40,7,4.4444,0,-77,-68,-45,-53
2026-06-06T19:16:44,7,5,0,-62,-68,-45,-25
2026-06-06T19:16:45,7,5,0,-62,-68,-45,-25
2026-06-06T19:16:46,7,5,0,-62,-68,-45,-25
2026-06-06T19:16:47,7,5,0,-62,-68,-45,-25
2026-06-06T19:16:48,7,5,0,-62,-68,-45,-25
2026-06-06T19:16:49,7,5,0,-60,-72,-64,-43
2026-06-06T19:16:50,7,5,0,-60,-72,-64,-43
2026-06-06T19:16:51,7,5,0,-60,-72,-64,-13
2026-06-06T19:16:52,7,5,0,-60,-72,-64,-13
2026-06-06T19:16:53,7,5,0,-60,-63,-64,-52
2026-06-06T19:16:57,6.4615,5,0,-60,-58,-64,-57
2026-06-06T19:16:59,6.4615,5,0,-60,-58,-64,-57
2026-06-06T19:17:00,6.4615,5,0,-50,-49,-64,-37
2026-06-06T19:17:01,6.4615,5,0,-50,-49,-64,-37
2026-06-06T19:17:02,6.4615,5,0,-52,-47,-45,-44
2026-06-06T19:17:03,6.4615,5,0,-52,-47,-45,-44
2026-06-06T19:17:04,6.4615,5,0,-52,-55,-45,-44
2026-06-06T19:17:05,6.4615,5,0,-52,-49,-45,-44
2026-06-06T19:17:06,6.4615,5,0,-52,-50,-45,-33
2026-06-06T19:17:08,6.4615,5,0,-52,-50,-45,-33
2026-06-06T19:17:16,5.9231,5,0,-52,-50,-49,-44
2026-06-06T19:17:17,5.9231,5,0,-52,-61,-49,-51
2026-06-06T19:17:19,5.9231,5,0,-52,-64,-49,-41
2026-06-06T19:17:20,5.9231,5,0,-53,-64,-54,-51
2026-06-06T19:17:21,5.9231,5,0,-53,-64,-54,-51
2026-06-06T19:17:22,5.9231,5,0,-54,-58,-46,-46
2026-06-06T19:17:23,5.9231,5,0,-54,-58,-46,-46
2026-06-06T19:17:24,5.9231,5,0,-54,-58,-46,-46
2026-06-06T19:17:26,5.9231,5,0,-54,-58,-46,-46
2026-06-06T19:17:27,5.9231,5,0,-54,-44,-46,-41
2026-06-06T19:17:30,5.3846,5,0,-47,-53,-47,-47
2026-06-06T19:17:31,5.3846,5,0,-47,-53,-47,-47
2026-06-06T19:17:32,5.3846,5,0,-47,-53,-43,-46
2026-06-06T19:17:33,5.3846,5,0,-47,-53,-43,-46
2026-06-06T19:17:34,5.3846,5,0,-47,-53,-43,-46
2026-06-06T19:17:36,5.3846,5,0,-47,-53,-43,-46
2026-06-06T19:17:37,5.3846,5,0,-47,-50,-43,-45
2026-06-06T19:17:38,5.3846,5,0,-47,-50,-43,-45
2026-06-06T19:17:39,5.3846,5,0,-47,-50,-43,-45
2026-06-06T19:17:40,5.3846,5,0,-47,-50,-43,-45
2026-06-06T19:17:46,4.8462,5,0,-64,-50,-48,-47
2026-06-06T19:17:47,4.8462,5,0,-64,-50,-48,-47
2026-06-06T19:17:48,4.8462,5,0,-64,-51,-48,-52
2026-06-06T19:17:50,4.8462,5,0,-64,-51,-48,-52
2026-06-06T19:17:51,4.8462,5,0,-64,-51,-45,-50
2026-06-06T19:17:52,4.8462,5,0,-64,-51,-45,-50
2026-06-06T19:17:53,4.8462,5,0,-64,-51,-45,-56
2026-06-06T19:17:54,4.8462,5,0,-64,-51,-45,-56
2026-06-06T19:17:55,4.8462,5,0,-64,-51,-45,-56
2026-06-06T19:17:57,4.8462,5,0,-64,-51,-45,-56
2026-06-06T19:18:00,4.3077,5,0,-54,-54,-49,-56
2026-06-06T19:18:01,4.3077,5,0,-54,-54,-49,-56
2026-06-06T19:18:03,4.3077,5,0,-54,-54,-49,-61
2026-06-06T19:18:04,4.3077,5,0,-54,-54,-49,-61
2026-06-06T19:18:05,4.3077,5,0,-54,-54,-49,-63
2026-06-06T19:18:06,4.3077,5,0,-54,-54,-49,-63
2026-06-06T19:18:07,4.3077,5,0,-54,-54,-49,-51
2026-06-06T19:18:08,4.3077,5,0,-54,-54,-49,-51
2026-06-06T19:18:10,4.3077,5,0,-71,-64,-49,-51
2026-06-06T19:18:11,4.3077,5,0,-71,-64,-49,-53
2026-06-06T19:18:19,3.7692,5,0,-57,-73,-49,-53
2026-06-06T19:18:20,3.7692,5,0,-57,-73,-49,-53
2026-06-06T19:18:22,3.7692,5,0,-57,-73,-49,-48
2026-06-06T19:18:23,3.7692,5,0,-57,-73,-49,-48
2026-06-06T19:18:24,3.7692,5,0,-47,-65,-49,-48
2026-06-06T19:18:25,3.7692,5,0,-47,-65,-49,-48
2026-06-06T19:18:26,3.7692,5,0,-60,-60,-54,-48
2026-06-06T19:18:27,3.7692,5,0,-60,-60,-54,-48
2026-06-06T19:18:29,3.7692,5,0,-60,-60,-44,-43
2026-06-06T19:18:30,3.7692,5,0,-60,-60,-44,-43
2026-06-06T19:18:34,3.2308,5,0,-60,-60,-44,-43
2026-06-06T19:18:35,3.2308,5,0,-60,-60,-44,-43
2026-06-06T19:18:36,3.2308,5,0,-60,-60,-44,-43
2026-06-06T19:18:37,3.2308,5,0,-47,-56,-41,-43
2026-06-06T19:18:38,3.2308,5,0,-47,-64,-41,-72
2026-06-06T19:18:39,3.2308,5,0,-47,-64,-41,-50
2026-06-06T19:18:41,3.2308,5,0,-47,-64,-41,-50
2026-06-06T19:18:42,3.2308,5,0,-47,-64,-41,-58
2026-06-06T19:18:43,3.2308,5,0,-47,-64,-41,-58
2026-06-06T19:18:44,3.2308,5,0,-55,-68,-60,-66
2026-06-06T19:18:48,2.6923,5,0,-55,-68,-60,-64
2026-06-06T19:18:49,2.6923,5,0,-55,-68,-60,-64
2026-06-06T19:18:51,2.6923,5,0,-55,-68,-60,-64
2026-06-06T19:18:52,2.6923,5,0,-55,-68,-60,-64
2026-06-06T19:18:53,2.6923,5,0,-55,-68,-60,-64
2026-06-06T19:18:54,2.6923,5,0,-55,-68,-60,-64
2026-06-06T19:18:55,2.6923,5,0,-54,-62,-49,-64
2026-06-06T19:18:56,2.6923,5,0,-54,-62,-49,-64
2026-06-06T19:18:58,2.6923,5,0,-54,-62,-49,-55
2026-06-06T19:18:59,2.6923,5,0,-54,-62,-49,-55
2026-06-06T19:19:02,2.1538,5,0,-53,-64,-46,-55
2026-06-06T19:19:03,2.1538,5,0,-53,-64,-46,-55
2026-06-06T19:19:04,2.1538,5,0,-53,-64,-46,-55
2026-06-06T19:19:06,2.1538,5,0,-56,-64,-46,-55
2026-06-06T19:19:07,2.1538,5,0,-56,-64,-46,-55
2026-06-06T19:19:08,2.1538,5,0,-56,-64,-46,-55
2026-06-06T19:19:09,2.1538,5,0,-56,-64,-46,-55
2026-06-06T19:19:10,2.1538,5,0,-56,-64,-46,-55
2026-06-06T19:19:12,2.1538,5,0,-56,-64,-46,-55
2026-06-06T19:19:13,2.1538,5,0,-60,-60,-46,-55
2026-06-06T19:19:19,1.6154,5,0,-60,-60,-46,-55
2026-06-06T19:19:20,1.6154,5,0,-60,-60,-46,-55
2026-06-06T19:19:21,1.6154,5,0,-60,-60,-46,-55
2026-06-06T19:19:22,1.6154,5,0,-60,-60,-46,-55
2026-06-06T19:19:23,1.6154,5,0,-50,-62,-36,-55
2026-06-06T19:19:24,1.6154,5,0,-50,-62,-36,-55
2026-06-06T19:19:26,1.6154,5,0,-48,-60,-36,-55
2026-06-06T19:19:27,1.6154,5,0,-48,-60,-36,-55
2026-06-06T19:19:28,1.6154,5,0,-51,-59,-36,-67
2026-06-06T19:19:29,1.6154,5,0,-51,-59,-36,-67
2026-06-06T19:19:32,1.0769,5,0,-51,-59,-36,-67
2026-06-06T19:19:33,1.0769,5,0,-51,-59,-36,-67
2026-06-06T19:19:34,1.0769,5,0,-51,-59,-36,-67
2026-06-06T19:19:35,1.0769,5,0,-51,-64,-36,-58
2026-06-06T19:19:36,1.0769,5,0,-51,-64,-36,-58
2026-06-06T19:19:38,1.0769,5,0,-51,-64,-36,-55
2026-06-06T19:19:39,1.0769,5,0,-51,-64,-36,-55
2026-06-06T19:19:40,1.0769,5,0,-51,-59,-48,-55
2026-06-06T19:19:41,1.0769,5,0,-51,-59,-48,-55
2026-06-06T19:19:42,1.0769,5,0,-51,-61,-48,-55
2026-06-06T19:19:45,0.5385,5,0,-51,-61,-48,-55
2026-06-06T19:19:46,0.5385,5,0,-51,-61,-48,-55
2026-06-06T19:19:47,0.5385,5,0,-48,-61,-48,-55
2026-06-06T19:19:49,0.5385,5,0,-48,-61,-48,-55
2026-06-06T19:19:50,0.5385,5,0,-58,-77,-48,-55
2026-06-06T19:19:51,0.5385,5,0,-58,-77,-48,-55
2026-06-06T19:19:52,0.5385,5,0,-58,-77,-48,-55
2026-06-06T19:19:53,0.5385,5,0,-55,-77,-41,-55
2026-06-06T19:19:54,0.5385,5,0,-55,-77,-41,-55
2026-06-06T19:19:55,0.5385,5,0,-56,-77,-41,-55
2026-06-06T19:19:59,0,5,0,-56,-62,-41,-55
2026-06-06T19:20:00,0,5,0,-51,-68,-41,-55
2026-06-06T19:20:01,0,5,0,-51,-68,-41,-55
2026-06-06T19:20:02,0,5,0,-61,-63,-41,-55
2026-06-06T19:20:03,0,5,0,-61,-63,-41,-55
2026-06-06T19:20:04,0,5,0,-61,-61,-15,-67
2026-06-06T19:20:05,0,5,0,-61,-61,-15,-67
2026-06-06T19:20:06,0,5,0,-61,-57,-15,-67
2026-06-06T19:20:07,0,5,0,-61,-57,-15,-67
2026-06-06T19:20:08,0,5,0,-61,-57,-12,-67
